"sep=,"
Folder Name,Quantity,Trade Quantity,Card Name,Set Code,Set Name,Card Number,Condition,Printing,Language,Price Bought,Date Bought,AVG,LOW,TREND
Collection,1,0,A Tale for the Ages,WOE,Wilds of Eldraine,34,NearMint,Normal,English,0.17,2026-08-26,0.17,0.02,0.17
Collection,1,0,"Aang, A Lot to Learn",TLE,Avatar: The Last Airbender Eternal,146,NearMint,Normal,English,0.16,2026-08-26,0.19,0.02,0.16
Collection,1,0,"Aang, the Last Airbender",TLA,Avatar: The Last Airbender,4,NearMint,Normal,English,0.11,2026-08-24,0.10,0.02,0.10
Collection,1,0,"Aang's Iceberg",TLA,Avatar: The Last Airbender,5,NearMint,Normal,English,0.45,2026-08-26,0.43,0.02,0.45
Collection,1,0,Absolving Lammasu,MKM,Murders at Karlov Manor,2,NearMint,Foil,English,0.07,2026-08-26,0.12,0.02,0.07
Collection,1,0,Absolving Lammasu,MKM,Murders at Karlov Manor,2,NearMint,Normal,English,0.04,2026-08-26,0.03,0.02,0.04
Collection,1,0,"Abuelo, Ancestral Echo",LCI,The Lost Caverns of Ixalan,297,NearMint,Normal,English,0.24,2026-08-26,0.23,0.02,0.24
Collection,1,0,"Abuelo's Awakening",LCI,The Lost Caverns of Ixalan,1,NearMint,Normal,English,0.08,2026-08-26,0.13,0.02,0.08
Collection,1,0,Aerith Gainsborough,FIN,Final Fantasy,4,NearMint,Normal,English,1.73,2026-08-24,1.53,0.50,1.65
Collection,1,0,Against All Odds,ONE,Phyrexia: All Will Be One,1,NearMint,Foil,English,0.31,2026-08-26,0.29,0.02,0.31
Collection,1,0,Agent of the Iron Throne,CLB,"Commander Legends: Battle for Baldur's Gate",107,NearMint,Normal,English,0.70,2026-08-24,0.63,0.08,0.67
Collection,1,0,"Agrus Kos, Spirit of Justice",MKM,Murders at Karlov Manor,184,NearMint,Foil,English,0.70,2026-08-26,0.48,0.28,0.70
Collection,1,0,"Agrus Kos, Spirit of Justice",MKM,Murders at Karlov Manor,184,NearMint,Normal,English,0.29,2026-08-26,0.36,0.09,0.29
Collection,1,0,Ajani Fells the Godsire,MH3,Modern Horizons 3,19,NearMint,Normal,English,0.10,2026-08-26,0.08,0.02,0.10
Collection,1,0,"Ajani, the Greathearted",WAR,War of the Spark,184,NearMint,Normal,English,0.43,2026-08-26,0.41,0.02,0.43
Collection,1,0,"Ajani's Pridemate",WAR,War of the Spark,4,NearMint,Normal,English,0.10,2026-08-26,0.09,0.02,0.10
Collection,1,0,"Akawalli, the Seething Tower",LCI,The Lost Caverns of Ixalan,220,NearMint,Normal,English,0.05,2026-08-26,0.08,0.02,0.05
Collection,1,0,"Akawalli, the Seething Tower",LCI,The Lost Caverns of Ixalan,298,NearMint,Foil,English,0.09,2026-08-26,0.10,0.02,0.09
Collection,1,0,All That Glitters,CMM,Commander Masters,622,NearMint,Normal,English,0.40,2026-08-26,0.46,0.10,0.40
Collection,1,0,"Altar's Light",MRD,Mirrodin,1,NearMint,Normal,English,0.09,2026-08-26,0.09,0.02,0.09
Collection,1,0,Ambitious Farmhand,INR,Innistrad Remastered,8,NearMint,Normal,English,0.21,2026-08-26,0.20,0.02,0.21
Collection,1,0,"Aminatou, Veil Piercer",DSC,Duskmourn: House of Horror Commander,1,NearMint,Foil,English,0.74,2026-08-26,0.55,0.20,0.74
Collection,1,0,Amphin Mutineer,MKC,Murders at Karlov Manor Commander,95,NearMint,Normal,English,0.16,2026-08-26,0.17,0.02,0.16
Collection,2,0,Angel of Finality,FDN,Foundations,136,NearMint,Normal,English,0.11,2026-08-26,0.10,0.02,0.11
Collection,1,0,Angel of Sanctions,DRC,Aetherdrift Commander,62,NearMint,Normal,English,0.21,2026-08-26,0.23,0.04,0.21
Collection,1,0,Angel of the Ruins,FIC,Final Fantasy Commander,229,NearMint,Normal,English,0.20,2026-08-26,0.21,0.05,0.20
Collection,1,0,Angel of the Ruins,MOC,March of the Machine Commander,171,NearMint,Normal,English,0.27,2026-08-26,0.24,0.03,0.27
Collection,1,0,Angel of the Ruins,EOC,Edge of Eternities Commander,63,NearMint,Normal,English,0.18,2026-08-26,0.14,0.02,0.18
Collection,1,0,Annul,EOE,Edge of Eternities,46,NearMint,Normal,English,0.21,2026-08-26,0.23,0.02,0.21
Collection,1,0,Another Round,OTJ,Outlaws of Thunder Junction,307,NearMint,Normal,English,0.65,2026-08-26,0.65,0.19,0.65
Collection,1,0,"Appa, Loyal Sky Bison",TLA,Avatar: The Last Airbender,9,NearMint,Normal,English,0.12,2026-08-24,0.11,0.02,0.12
Collection,1,0,Approach of the Second Sun,STA,Strixhaven Mystical Archive,1,NearMint,Normal,English,5.42,2026-08-26,5.38,1.50,5.42
Collection,1,0,"Arahbo, the First Fang",FDN,Foundations,2,NearMint,Normal,English,0.52,2026-08-24,0.65,0.10,0.54
Collection,1,0,Arcane Artisan,KHC,Kaldheim Commander,36,NearMint,Normal,English,0.24,2026-08-26,0.27,0.02,0.24
Collection,2,0,Archive Dragon,WOE,Wilds of Eldraine,41,NearMint,Normal,English,0.04,2026-08-26,0.06,0.02,0.04
Collection,1,0,Archmage Emeritus,TDC,Tarkir: Dragonstorm Commander,145,NearMint,Normal,English,1.53,2026-08-26,1.47,0.99,1.53
Collection,1,0,"Archmage's Newt",OTJ,Outlaws of Thunder Junction,39,NearMint,Normal,English,0.13,2026-08-26,0.15,0.02,0.13
Collection,1,0,Archon of Falling Stars,J25,Foundations Jumpstart,166,NearMint,Normal,English,0.07,2026-08-26,0.11,0.02,0.07
Collection,1,0,Archon of the Wild Rose,WOE,Wilds of Eldraine,1,NearMint,Normal,English,0.27,2026-08-26,0.26,0.02,0.27
Collection,1,0,"Arenson's Aura",5ED,Fifth Edition,6,NearMint,Normal,English,0.25,2026-08-26,0.19,0.02,0.25
Collection,1,0,"Arixmethes, Slumbering Isle",MUL,Multiverse Legends,32,NearMint,Normal,English,0.72,2026-08-26,0.70,0.10,0.72
Collection,1,0,"Artificer's Assistant",DOM,Dominaria,44,NearMint,Normal,English,0.22,2026-08-26,0.16,0.02,0.22
Collection,1,0,Arwen Undómiel,LTR,The Lord of the Rings: Tales of Middle-earth,194,NearMint,Normal,English,0.12,2026-08-26,0.12,0.02,0.12
Collection,1,0,"Ash, Party Crasher",WOE,Wilds of Eldraine,201,NearMint,Normal,English,0.14,2026-08-26,0.10,0.02,0.14
Collection,1,0,"Ashe, Princess of Dalmasca",FIN,Final Fantasy,7,NearMint,Normal,English,0.08,2026-08-24,0.09,0.02,0.09
Collection,1,0,"Ashnod, Flesh Mechanist",BRO,"The Brothers' War",84,NearMint,Normal,English,0.23,2026-08-24,0.24,0.02,0.21
Collection,1,0,Assemble the Entmoot,LTC,Tales of Middle-earth Commander,36,NearMint,Normal,English,0.40,2025-10-22,0.44,0.09,0.62
Collection,1,0,Atmosphere Surgeon,ONE,Phyrexia: All Will Be One,41,NearMint,Foil,English,0.14,2026-08-26,0.11,0.02,0.14
Collection,1,0,Atmosphere Surgeon,ONE,Phyrexia: All Will Be One,41,NearMint,Normal,Japanese,0.05,2026-08-26,0.06,0.02,0.05
Collection,1,0,"Atris, Oracle of Half-Truths",MUL,Multiverse Legends,34,NearMint,Normal,English,0.21,2026-08-26,0.17,0.02,0.21
Collection,1,0,"Auron's Inspiration",FIN,Final Fantasy,8,NearMint,Normal,English,0.04,2026-08-26,0.08,0.02,0.04
Collection,1,0,"Aziza, Mage Tower Captain",SOS,Secrets of Strixhaven,174,NearMint,Normal,English,0.14,2026-08-26,0.15,0.02,0.14
Collection,1,0,"Azlask, the Swelling Scourge",M3C,Modern Horizons 3 Commander,17,NearMint,Foil,English,1.29,2026-08-26,0.89,0.69,1.29
Collection,1,0,"Azog, Moria's Ruin",HOB,The Hobbit,61,NearMint,Foil,English,0.02,2026-08-24,0.90,0.02,0.02
Collection,2,0,"Azula, On the Hunt",TLA,Avatar: The Last Airbender,85,NearMint,Normal,English,0.10,2026-08-24,0.11,0.02,0.08
Collection,1,0,"Baird, Steward of Argive",CMM,Commander Masters,15,NearMint,Normal,English,0.38,2026-08-24,0.27,0.02,0.38
Collection,1,0,"Balin, Loremaster",HOB,The Hobbit,87,NearMint,Normal,English,0.02,2026-08-24,0.28,0.02,0.02
Collection,1,0,Banishing Light,J25,Foundations Jumpstart,96,NearMint,Normal,English,0.07,2026-08-26,0.08,0.02,0.07
Collection,1,0,Banishing Light,KHC,Kaldheim Commander,19,NearMint,Normal,English,0.13,2026-08-26,0.08,0.02,0.13
Collection,2,0,Bard the Bowman,HOB,The Hobbit,145,NearMint,Normal,English,0.07,2026-08-26,0.17,0.02,0.07
Collection,1,0,Baron Bertram Graywater,OTJ,Outlaws of Thunder Junction,195,NearMint,Normal,English,0.23,2026-08-26,0.24,0.02,0.23
Collection,1,0,Bartolomé del Presidio,LCI,The Lost Caverns of Ixalan,301,NearMint,Normal,English,0.17,2026-08-26,0.15,0.02,0.17
Collection,1,0,Bartolomé del Presidio,LCI,The Lost Caverns of Ixalan,301,NearMint,Foil,English,0.21,2026-08-26,0.27,0.02,0.21
Collection,1,0,Bat Colony,LCI,The Lost Caverns of Ixalan,5,NearMint,Normal,English,0.11,2026-08-26,0.16,0.02,0.11
Collection,2,0,"Beetle, Legacy Criminal",SPM,"Marvel's Spider-Man",26,NearMint,Normal,English,0.02,2026-08-24,0.03,0.02,0.02
Collection,1,0,Beluna Grandsquall // Seek Thrills,WOE,Wilds of Eldraine,285,NearMint,Normal,English,0.37,2026-08-26,0.41,0.09,0.37
Collection,1,0,Benevolent Offering,VOC,Crimson Vow Commander,78,NearMint,Normal,English,0.94,2026-08-26,0.88,0.09,0.94
Collection,1,0,Benevolent River Spirit,TLA,Avatar: The Last Airbender,45,NearMint,Normal,English,0.05,2026-08-26,0.08,0.02,0.05
Collection,4,0,"Beorn, Reluctant Host // Till and Tend",HOB,The Hobbit,118,NearMint,Normal,English,0.02,2026-08-26,0.13,0.02,0.02
Collection,1,0,"Bifur, Melodic Rider",HOB,The Hobbit,147,NearMint,Normal,English,0.10,2026-08-26,0.18,0.02,0.10
Collection,4,0,"Bilbo Baggins, Burglar // Take a Glance",HOB,The Hobbit,34,NearMint,Normal,English,0.04,2026-08-24,0.08,0.02,0.04
Collection,2,0,"Bilbo, Luckwearer // Burglar's Plot",HOB,The Hobbit,32,NearMint,Normal,English,0.02,2026-08-24,0.24,0.02,0.02
Collection,1,0,"Bilbo, Retired Burglar",LTR,The Lord of the Rings: Tales of Middle-earth,196,NearMint,Normal,English,0.12,2026-08-26,0.11,0.02,0.12
Collection,1,0,"Bilbo's Gambit",HOB,The Hobbit,5,NearMint,Normal,English,1.13,2026-08-26,3.70,0.99,1.14
Collection,1,0,Bill the Pony,LTR,The Lord of the Rings: Tales of Middle-earth,3,NearMint,Normal,English,0.11,2026-08-24,0.11,0.02,0.10
Collection,1,0,Biolume Egg,INR,Innistrad Remastered,54,NearMint,Normal,English,0.15,2026-08-26,0.18,0.02,0.15
Collection,1,0,Biolume Egg,INR,Innistrad Remastered,455,NearMint,Normal,English,0.12,2026-08-26,0.12,0.02,0.12
Collection,1,0,Black Waltz No. 3,FIN,Final Fantasy,214,NearMint,Normal,English,0.19,2026-08-26,0.18,0.02,0.19
Collection,1,0,Blackblade Reforged,DMC,Dominaria United Commander,178,NearMint,Normal,English,1.22,2026-08-26,1.11,0.15,1.22
Collection,1,0,Blade Splicer,MOC,March of the Machine Commander,175,NearMint,Normal,English,0.26,2026-08-26,0.25,0.10,0.26
Collection,1,0,Bladed Ambassador,ONE,Phyrexia: All Will Be One,417,NearMint,Step and Compleat Foil,English,0.11,2026-08-26,0.15,0.04,0.11
Collection,1,0,Bladed Ambassador,ONE,Phyrexia: All Will Be One,285,NearMint,Normal,English,0.04,2026-08-26,0.04,0.02,0.04
Collection,1,0,Blighted Blackthorn,ECL,Lorwyn Eclipsed,90,NearMint,Foil,English,0.15,2026-03-09,0.08,0.02,0.09
Collection,1,0,"Bofur, Reliable Guardian // Concerted Care",HOB,The Hobbit,6,NearMint,Foil,English,0.17,2026-08-24,0.29,0.02,0.18
Collection,1,0,"Bofur, Reliable Guardian // Concerted Care",HOB,The Hobbit,6,NearMint,Normal,English,0.12,2026-08-24,0.20,0.02,0.12
Collection,2,0,Bolg of the North,HOB,The Hobbit,148,NearMint,Normal,English,0.09,2026-08-26,0.18,0.02,0.09
Collection,1,0,"Bombur, Gentle Dreamer",HOB,The Hobbit,88,NearMint,Foil,English,0.17,2026-08-24,0.26,0.02,0.18
Collection,2,0,"Bombur, Gentle Dreamer",HOB,The Hobbit,88,NearMint,Normal,English,0.04,2026-08-24,0.15,0.02,0.03
Collection,1,0,Bovine Intervention,OTJ,Outlaws of Thunder Junction,6,NearMint,Normal,English,0.18,2026-08-26,0.22,0.02,0.18
Collection,1,0,"Brass's Tunnel-Grinder",LCI,The Lost Caverns of Ixalan,135,NearMint,Normal,English,2.78,2026-08-24,2.57,0.20,2.75
Collection,1,0,"Breeches, the Blastmaker",OTJ,Outlaws of Thunder Junction,197,NearMint,Normal,English,0.22,2026-08-26,0.21,0.02,0.22
Collection,1,0,Brightblade Stoat,BLB,Bloomburrow,4,NearMint,Normal,English,0.12,2026-08-26,0.11,0.02,0.12
Collection,1,0,"Bright-Palm, Soul Awakener",MOC,March of the Machine Commander,1,NearMint,Normal,English,0.26,2026-08-26,0.25,0.10,0.26
Collection,1,0,Brineborn Cutthroat,FDN,Foundations,152,NearMint,Normal,English,0.11,2026-08-26,0.10,0.02,0.11
Collection,1,0,"Bristly Bill, Spine Sower",OTJ,Outlaws of Thunder Junction,157,NearMint,Normal,English,27.46,2026-08-24,28.16,23.00,27.82
Collection,1,0,"Brudiclad, Telchor Engineer",MUL,Multiverse Legends,101,NearMint,Foil,English,1.32,2026-08-26,1.28,0.45,1.32
Collection,1,0,"Bruna, the Fading Light",INR,Innistrad Remastered,14,NearMint,Normal,English,1.78,2026-08-24,1.72,0.69,1.73
Collection,2,0,"Bumi, King of Three Trials",TLA,Avatar: The Last Airbender,169,NearMint,Normal,English,0.09,2026-08-26,0.08,0.02,0.09
Collection,5,0,"Butterbur, Bree Innkeeper",LTR,The Lord of the Rings: Tales of Middle-earth,197,NearMint,Normal,English,0.07,2026-08-26,0.06,0.02,0.07
Collection,1,0,"Calamity, Galloping Inferno",OTJ,Outlaws of Thunder Junction,116,NearMint,Normal,English,0.18,2026-08-24,0.25,0.02,0.18
Collection,1,0,"Calamity, Galloping Inferno",POTJ,Outlaws of Thunder Junction Promos,116p,NearMint,Normal,English,0.37,2026-08-24,0.23,0.05,0.37
Collection,1,0,Call a Surprise Witness,MKM,Murders at Karlov Manor,6,NearMint,Normal,English,0.10,2026-08-26,0.10,0.02,0.10
Collection,1,0,Call for Unity,LTC,Tales of Middle-earth Commander,163,NearMint,Normal,English,0.27,2026-08-26,0.22,0.04,0.27
Collection,1,0,Caparocti Sunborn,LCI,The Lost Caverns of Ixalan,302,NearMint,Normal,English,0.08,2026-08-26,0.06,0.02,0.08
Collection,1,0,Caparocti Sunborn,LCI,The Lost Caverns of Ixalan,226,NearMint,Normal,English,0.08,2026-08-26,0.08,0.02,0.08
Collection,1,0,"Captain Howler, Sea Scourge",PDFT,Aetherdrift Promos,194p,NearMint,Normal,English,0.26,2026-08-26,0.27,0.10,0.26
Collection,1,0,Captain Lannery Storm,MUL,Multiverse Legends,20,NearMint,Foil,English,0.56,2026-08-24,0.52,0.05,0.53
Collection,1,0,"Captain Storm, Cosmium Raider",LCI,The Lost Caverns of Ixalan,303,NearMint,Foil,English,0.17,2026-08-26,0.12,0.02,0.17
Collection,1,0,"Captain Storm, Cosmium Raider",LCI,The Lost Caverns of Ixalan,227,NearMint,Normal,English,0.23,2026-08-26,0.13,0.02,0.23
Collection,1,0,Captive Weird,MOM,March of the Machine,49,NearMint,Normal,English,0.04,2026-08-26,0.05,0.02,0.04
Collection,1,0,"Caradora, Heart of Alacria",DFT,Aetherdrift,195,NearMint,Foil,English,0.23,2026-08-26,0.15,0.07,0.23
Collection,1,0,Case of the Pilfered Proof,MKM,Murders at Karlov Manor,9,NearMint,Normal,English,0.09,2026-08-26,0.08,0.02,0.09
Collection,1,0,Cast Out,DRC,Aetherdrift Commander,64,NearMint,Normal,English,0.14,2026-08-26,0.14,0.02,0.14
Collection,1,0,Cataclysmic Gearhulk,NEC,Neon Dynasty Commander,81,NearMint,Normal,English,0.45,2026-08-26,0.31,0.05,0.45
Collection,1,0,Cataclysmic Gearhulk,MOC,March of the Machine Commander,176,NearMint,Normal,English,0.25,2026-08-26,0.27,0.05,0.25
Collection,1,0,"Cathar's Call",INR,Innistrad Remastered,16,NearMint,Normal,English,0.15,2026-08-26,0.14,0.02,0.15
Collection,3,0,Celeborn the Wise,LTR,The Lord of the Rings: Tales of Middle-earth,156,NearMint,Normal,English,0.11,2026-08-26,0.09,0.02,0.11
Collection,2,0,Celebrate the Mountain-king,HOB,The Hobbit,7,NearMint,Normal,English,0.09,2026-08-26,0.13,0.02,0.09
Collection,1,0,Champion of Wits,DRC,Aetherdrift Commander,72,NearMint,Normal,English,0.24,2026-08-26,0.13,0.02,0.12
Collection,1,0,Champions of the Shoal,ECL,Lorwyn Eclipsed,46,NearMint,Normal,English,0.24,2026-08-26,0.21,0.02,0.24
Collection,2,0,Chancellor of Tales,WOE,Wilds of Eldraine,45,NearMint,Normal,English,0.11,2026-08-26,0.10,0.02,0.11
Collection,2,0,"Chandra, Heart of Fire",M21,Core Set 2021,135,NearMint,Normal,English,0.23,2026-08-24,0.26,0.02,0.24
Collection,1,0,"Chiss-Goria, Forge Tyrant",ONC,Phyrexia: All Will Be One Commander,25,NearMint,Normal,Japanese,2.93,2026-08-24,2.89,1.50,2.84
Collection,1,0,Chrome Host Seedshark,EOC,Edge of Eternities Commander,68,NearMint,Normal,English,0.23,2026-08-26,0.24,0.02,0.23
Collection,1,0,Clachan Festival,ECL,Lorwyn Eclipsed,10,NearMint,Foil,English,0.08,2026-08-26,0.13,0.02,0.08
Collection,1,0,Claim Jumper,OTJ,Outlaws of Thunder Junction,8,NearMint,Normal,English,0.51,2026-08-26,0.66,0.10,0.51
Collection,1,0,Clay-Fired Bricks,LCI,The Lost Caverns of Ixalan,6,NearMint,Normal,English,0.15,2026-08-26,0.16,0.02,0.15
Collection,1,0,"Clement, the Worrywort",PBLB,Bloomburrow Promos,209p,NearMint,Normal,English,0.34,2026-08-26,0.28,0.07,0.34
Collection,1,0,Clinquant Skymage,FDN,Foundations,33,NearMint,Normal,English,0.10,2026-08-26,0.14,0.02,0.10
Collection,1,0,Cloudgoat Ranger,KHC,Kaldheim Commander,21,NearMint,Normal,English,0.16,2026-08-26,0.14,0.02,0.16
Collection,2,0,Cobbled Lancer,INR,Innistrad Remastered,56,NearMint,Normal,English,0.12,2026-08-26,0.10,0.02,0.12
Collection,1,0,Coin of Fate,FIC,Final Fantasy Commander,15,NearMint,Normal,English,0.12,2026-08-26,0.17,0.03,0.12
Collection,1,0,Combustion Man,TLA,Avatar: The Last Airbender,127,NearMint,Normal,English,0.09,2026-08-24,0.15,0.02,0.08
Collection,1,0,Consign to Memory,MH3,Modern Horizons 3,54,NearMint,Normal,English,3.67,2026-08-26,4.16,1.84,3.67
Collection,1,0,Constrictor Sage,TDM,Tarkir: Dragonstorm,39,NearMint,Normal,English,0.06,2026-08-26,0.08,0.02,0.06
Collection,1,0,Council of Echoes,LCI,The Lost Caverns of Ixalan,51,NearMint,Normal,English,0.02,2026-08-26,0.02,0.02,0.02
Collection,1,0,Covert Technician,NEO,Kamigawa: Neon Dynasty,332,NearMint,Normal,English,0.13,2026-08-26,0.14,0.02,0.13
Collection,1,0,Covetous Castaway,INR,Innistrad Remastered,58,NearMint,Normal,English,0.13,2026-08-26,0.16,0.02,0.13
Collection,1,0,Crescent Island Temple,TLA,Avatar: The Last Airbender,129,NearMint,Normal,English,0.13,2026-08-24,0.13,0.02,0.11
Collection,1,0,Dáin Ironfoot,HOB,The Hobbit,91,NearMint,Normal,English,0.04,2026-08-24,0.31,0.02,0.05
Collection,1,0,"Dáin, Lord of the Iron Hills",HOB,The Hobbit,8,NearMint,Normal,English,0.13,2026-08-24,0.25,0.02,0.11
Collection,1,0,"Danitha Capashen, Paragon",FCA,Final Fantasy: Through the Ages,22,NearMint,Normal,English,0.22,2026-08-24,0.27,0.02,0.22
Collection,1,0,"Daretti, Rocketeer Engineer",DFT,Aetherdrift,120,NearMint,Normal,English,0.18,2026-08-24,0.20,0.02,0.22
Collection,1,0,Daring Waverider,BLB,Bloomburrow,44,NearMint,Normal,English,0.14,2026-08-26,0.18,0.02,0.14
Collection,1,0,Dauntless Dismantler,LCI,The Lost Caverns of Ixalan,8,NearMint,Normal,English,0.20,2026-08-26,0.16,0.02,0.20
Collection,2,0,Dauntless Veteran,FDN,Foundations,8,NearMint,Normal,English,0.06,2026-08-26,0.06,0.02,0.06
Collection,1,0,"Dawnsire, Sunstar Dreadnought",EOE,Edge of Eternities,238,NearMint,Normal,English,4.40,2026-08-26,3.73,2.00,4.40
Collection,1,0,Day of Judgment,FDN,Foundations,140,NearMint,Normal,English,1.04,2026-08-26,0.96,0.20,1.04
Collection,1,0,Dazzling Theater // Prop Room,DSK,Duskmourn: House of Horror,3,NearMint,Normal,English,0.65,2026-08-26,0.67,0.04,0.65
Collection,1,0,Deadeye Navigator,INR,Innistrad Remastered,492,NearMint,Foil,English,1.30,2026-08-26,1.33,0.40,1.30
Collection,1,0,Defiant Strike,STA,Strixhaven Mystical Archive,3,NearMint,Normal,English,0.16,2026-08-26,0.17,0.02,0.16
Collection,1,0,"Denethor, Ruling Steward",LTR,The Lord of the Rings: Tales of Middle-earth,198,NearMint,Normal,English,0.11,2026-08-26,0.12,0.02,0.11
Collection,1,0,Depth Defiler,MH3,Modern Horizons 3,58,NearMint,Normal,English,0.07,2026-08-26,0.07,0.02,0.07
Collection,1,0,Descendant of Kiyomaro,SOK,Saviors of Kamigawa,7,NearMint,Normal,English,0.11,2026-08-26,0.07,0.02,0.11
Collection,1,0,Descendant of Storms,TDM,Tarkir: Dragonstorm,8,NearMint,Normal,English,0.08,2026-08-26,0.08,0.02,0.08
Collection,1,0,Destined Confrontation,TLA,Avatar: The Last Airbender,15,NearMint,Normal,English,0.14,2026-08-26,0.11,0.02,0.14
Collection,1,0,Detention Chariot,DFT,Aetherdrift,12,NearMint,Foil,English,0.13,2026-08-26,0.20,0.02,0.13
Collection,1,0,Detention Vortex,STX,Strixhaven: School of Mages,13,NearMint,Normal,English,0.12,2026-08-26,0.07,0.02,0.12
Collection,1,0,Dewdrop Cure,BLB,Bloomburrow,10,NearMint,Normal,English,0.16,2026-08-26,0.15,0.02,0.16
Collection,1,0,"Dina, Soul Steeper",MUL,Multiverse Legends,37,NearMint,Normal,English,0.08,2026-08-26,0.12,0.02,0.08
Collection,1,0,Discerning Financier,WOE,Wilds of Eldraine,10,NearMint,Normal,English,0.16,2026-08-26,0.13,0.02,0.16
Collection,1,0,Dispatch,PLST,The List,NPH-7,NearMint,Normal,English,0.80,2026-08-26,0.95,0.49,0.80
Collection,1,0,Distinguished Conjurer,MH3,Modern Horizons 3,264,NearMint,Foil,English,0.21,2026-08-26,0.20,0.02,0.21
Collection,1,0,Divine Gambit,STA,Strixhaven Mystical Archive,4,NearMint,Normal,English,0.10,2026-08-26,0.08,0.02,0.10
Collection,1,0,Djeru and Hazoret,MOM,March of the Machine,221,NearMint,Normal,English,0.26,2026-08-26,0.28,0.02,0.26
Collection,4,0,"Dori, Bearer of Friends",HOB,The Hobbit,94,NearMint,Normal,English,0.02,2026-08-24,0.10,0.02,0.02
Collection,1,0,Dour Port-Mage,BLB,Bloomburrow,303,NearMint,Foil,English,4.23,2026-08-26,4.37,3.00,4.23
Collection,1,0,"Dragoon's Lance",FIN,Final Fantasy,17,NearMint,Normal,English,0.06,2026-08-26,0.10,0.02,0.06
Collection,1,0,Drake Hatcher,FDN,Foundations,35,NearMint,Normal,English,0.30,2026-08-26,0.35,0.02,0.30
Collection,1,0,"Drakuseth, Maw of Flames",CMM,Commander Masters,218,NearMint,Normal,English,0.68,2026-08-24,0.64,0.10,0.68
Collection,1,0,Dream Strix,STX,Strixhaven: School of Mages,42,NearMint,Normal,English,0.18,2026-08-26,0.17,0.02,0.18
Collection,2,0,Driftgloom Coyote,BLB,Bloomburrow,11,NearMint,Normal,English,0.07,2026-08-26,0.08,0.02,0.07
Collection,1,0,Dual-Sun Technique,EOE,Edge of Eternities,13,NearMint,Normal,English,0.12,2026-08-26,0.13,0.02,0.12
Collection,1,0,Dusk Rose Reliquary,LCI,The Lost Caverns of Ixalan,10,NearMint,Normal,English,0.17,2026-08-26,0.19,0.02,0.17
Collection,1,0,Duskborne Skymarcher,XLN,Ixalan,9,NearMint,Normal,English,0.12,2026-08-26,0.15,0.02,0.12
Collection,1,0,"Dwalin, Weaponmaster",HOB,The Hobbit,154,NearMint,Normal,English,0.02,2026-08-26,0.32,0.04,0.02
Collection,2,0,Eagle of the Great Shelf,HOB,The Hobbit,11,NearMint,Normal,English,0.07,2026-08-26,0.16,0.02,0.07
Collection,1,0,Earth Kingdom Jailer,TLA,Avatar: The Last Airbender,16,NearMint,Normal,English,0.08,2026-08-26,0.13,0.02,0.08
Collection,1,0,Eater of Virtue,NEO,Kamigawa: Neon Dynasty,401,NearMint,Normal,English,0.49,2026-08-26,0.46,0.17,0.49
Collection,1,0,"Echo, Perceptive Prodigy",PW26,Wizards Play Network 2026,11,NearMint,Foil,English,1.68,2026-08-24,4.13,4.50,1.37
Collection,1,0,Eddymurk Crab,BLB,Bloomburrow,48,NearMint,Foil,English,1.78,2026-08-26,2.22,0.18,1.78
Collection,1,0,"Ellie and Alan, Paleontologists",REX,Jurassic World Collection,10,NearMint,Normal,English,6.70,2026-08-26,10.63,5.89,6.70
Collection,1,0,"Elrond, Lord of Rivendell",LTR,The Lord of the Rings: Tales of Middle-earth,799,NearMint,Surge Foil,English,0.43,2026-08-24,0.33,0.08,0.43
Collection,1,0,"Elrond, Lord of Rivendell",LTR,The Lord of the Rings: Tales of Middle-earth,49,NearMint,Normal,English,0.08,2026-08-24,0.10,0.02,0.09
Collection,1,0,"Elspeth's Smite",MOM,March of the Machine,13,NearMint,Normal,English,0.09,2026-08-26,0.28,0.02,0.09
Collection,1,0,"Elspeth's Talent",MOC,March of the Machine Commander,80,NearMint,Normal,English,0.35,2026-08-26,0.22,0.08,0.35
Collection,1,0,"Elspeth's Talent",MOC,March of the Machine Commander,72,NearMint,Normal,English,0.22,2026-08-26,0.33,0.02,0.22
Collection,1,0,"Elusive Otter // Grove's Bounty",WOE,Wilds of Eldraine,225,NearMint,Normal,English,0.32,2026-08-26,0.32,0.02,0.32
Collection,1,0,Elven Raft-Steerer,HOB,The Hobbit,37,NearMint,Normal,English,0.11,2026-08-26,0.19,0.02,0.11
Collection,1,0,"Emil, Vastlands Roamer",SOS,Secrets of Strixhaven,146,NearMint,Normal,English,0.11,2026-08-26,0.13,0.02,0.11
Collection,1,0,Emissary Escort,EOE,Edge of Eternities,56,NearMint,Normal,English,0.15,2026-08-26,0.23,0.02,0.15
Collection,1,0,Emissary of Hope,DST,Darksteel,3,NearMint,Normal,English,0.07,2026-08-26,0.14,0.02,0.07
Collection,1,0,"Emrakul's Messenger",MH3,Modern Horizons 3,61,NearMint,Foil,English,0.39,2026-08-26,0.40,0.02,0.39
Collection,1,0,"Emry, Lurker of the Loch",ELD,Throne of Eldraine,43,NearMint,Normal,English,1.05,2026-08-24,1.07,0.25,1.02
Collection,1,0,Ent-Draught Basin,LTR,The Lord of the Rings: Tales of Middle-earth,238,NearMint,Foil,English,0.15,2026-08-25,0.16,0.02,0.16
Collection,1,0,Envoy of the Ancestors,MH3,Modern Horizons 3,23,NearMint,Normal,English,0.24,2026-08-26,0.19,0.02,0.24
Collection,1,0,Éomer of the Riddermark,LTR,The Lord of the Rings: Tales of Middle-earth,121,NearMint,Foil,English,0.15,2026-08-25,0.17,0.02,0.17
Collection,1,0,"Éowyn, Fearless Knight",LTR,The Lord of the Rings: Tales of Middle-earth,201,NearMint,Foil,English,0.65,2026-08-26,0.73,0.10,0.65
Collection,1,0,"Éowyn, Fearless Knight",LTR,The Lord of the Rings: Tales of Middle-earth,430,NearMint,Normal,English,1.08,2026-08-26,1.12,0.20,1.08
Collection,1,0,"Éowyn, Lady of Rohan",LTR,The Lord of the Rings: Tales of Middle-earth,10,NearMint,Normal,English,0.11,2026-08-24,0.12,0.02,0.10
Collection,1,0,"Eriette's Tempting Apple",WOE,Wilds of Eldraine,245,NearMint,Normal,English,0.19,2026-08-26,0.14,0.02,0.19
Collection,3,0,"Erkenbrand, Lord of Westfold",LTR,The Lord of the Rings: Tales of Middle-earth,123,NearMint,Normal,English,0.08,2026-08-24,0.08,0.02,0.08
Collection,1,0,Erode,SOS,Secrets of Strixhaven,15,NearMint,Normal,English,7.35,2026-08-26,7.44,5.30,7.35
Collection,1,0,Errant and Giada,MOM,March of the Machine,306,NearMint,Normal,English,0.34,2026-08-26,0.34,0.10,0.34
Collection,1,0,"Ertha Jo, Frontier Mentor",OTJ,Outlaws of Thunder Junction,203,NearMint,Normal,English,0.14,2026-08-26,0.18,0.02,0.14
Collection,1,0,"Esika's Chariot",PKHM,Kaldheim Promos,169p,NearMint,Normal,English,1.35,2026-08-26,1.56,0.49,1.35
Collection,1,0,"Etali, Primal Conqueror",MOM,March of the Machine,137,NearMint,Normal,English,19.55,2026-08-24,21.05,13.00,19.38
Collection,1,0,Evangel of Heliod,KHC,Kaldheim Commander,23,NearMint,Normal,English,0.21,2026-08-26,0.24,0.02,0.21
Collection,1,0,"Exdeath, Void Warlock",FIN,Final Fantasy,220,NearMint,Normal,English,0.10,2026-08-26,0.06,0.02,0.10
Collection,1,0,Exit Specialist,MKM,Murders at Karlov Manor,55,NearMint,Normal,English,0.23,2026-08-26,0.17,0.02,0.23
Collection,1,0,Exorcise,DSK,Duskmourn: House of Horror,8,NearMint,Foil,English,0.25,2026-08-26,0.32,0.02,0.25
Collection,3,0,Expel the Interlopers,WOE,Wilds of Eldraine,381,NearMint,Foil,English,0.15,2026-08-26,0.22,0.02,0.15
Collection,1,0,"Ezekiel Sims, Spider-Totem",SPM,"Marvel's Spider-Man",100,NearMint,Normal,English,0.03,2026-08-26,0.06,0.02,0.03
Collection,1,0,"Ezuri, Stalker of Spheres",ONE,Phyrexia: All Will Be One,317,NearMint,Foil,English,0.90,2026-08-26,0.73,0.30,0.90
Collection,1,0,Faerie Vandal,ELD,Throne of Eldraine,45,NearMint,Normal,English,0.12,2026-08-26,0.11,0.02,0.12
Collection,1,0,Faithless Looting,LTC,Tales of Middle-earth Commander,215,NearMint,Normal,English,0.78,2026-08-25,0.67,0.40,0.78
Collection,1,0,Fancy Footwork,TLA,Avatar: The Last Airbender,19,NearMint,Normal,English,0.07,2026-08-26,0.10,0.02,0.07
Collection,1,0,"Fandaniel, Telophoroi Ascian",FIC,Final Fantasy Commander,46,NearMint,Normal,English,0.57,2026-08-24,0.56,0.20,0.59
Collection,1,0,"Fang, Fearless l'Cie",FIN,Final Fantasy,99,NearMint,Foil,English,0.25,2026-08-24,0.29,0.02,0.22
Collection,1,0,"Fangorn, Tree Shepherd",LTR,The Lord of the Rings: Tales of Middle-earth,166,NearMint,Normal,English,0.23,2026-08-26,0.25,0.02,0.23
Collection,1,0,"Fangorn, Tree Shepherd",LTR,The Lord of the Rings: Tales of Middle-earth,415,NearMint,Foil,English,0.83,2026-08-26,0.76,0.10,0.83
Collection,2,0,"Faramir, Field Commander",LTR,The Lord of the Rings: Tales of Middle-earth,14,NearMint,Normal,English,0.06,2026-08-24,0.07,0.02,0.07
Collection,1,0,"Faramir, Field Commander",LTR,The Lord of the Rings: Tales of Middle-earth,303,NearMint,Foil,English,0.25,2026-08-24,0.23,0.02,0.26
Collection,1,0,"Faramir, Prince of Ithilien",LTR,The Lord of the Rings: Tales of Middle-earth,811,NearMint,Surge Foil,English,3.96,2026-08-26,3.99,3.47,3.96
Collection,1,0,Favored of Iroas,J25,Foundations Jumpstart,197,NearMint,Normal,English,0.06,2026-08-26,0.09,0.02,0.06
Collection,1,0,Fear of Falling,DSK,Duskmourn: House of Horror,56,NearMint,Normal,English,0.05,2026-08-26,0.05,0.02,0.05
Collection,1,0,Fear of Impostors,DSK,Duskmourn: House of Horror,57,NearMint,Normal,English,0.13,2026-08-26,0.14,0.02,0.13
Collection,1,0,Fear of Isolation,DSK,Duskmourn: House of Horror,58,NearMint,Normal,English,0.07,2026-08-26,0.15,0.02,0.07
Collection,1,0,Feather of Flight,BLB,Bloomburrow,13,NearMint,Normal,English,0.22,2026-08-26,0.18,0.02,0.22
Collection,1,0,"Ferrafor, Young Yew",ECC,Lorwyn Eclipsed Commander,16,NearMint,Normal,English,0.30,2026-08-26,0.33,0.02,0.30
Collection,1,0,Field-Tested Frying Pan,LTC,Tales of Middle-earth Commander,11,NearMint,Normal,English,0.28,2026-08-26,0.30,0.08,0.29
Collection,1,0,Fierce Retribution,OTP,Breaking News,2,NearMint,Normal,English,0.05,2026-08-26,0.04,0.02,0.05
Collection,1,0,Fíli the Pathfinder,HOB,The Hobbit,14,NearMint,Foil,English,0.02,2026-08-24,0.48,0.02,0.02
Collection,1,0,"Finneas, Ace Archer",PBLB,Bloomburrow Promos,212p,NearMint,Normal,English,0.25,2026-08-26,0.25,0.05,0.25
Collection,1,0,"Finneas, Ace Archer",BLB,Bloomburrow,212,NearMint,Normal,English,0.29,2026-08-26,0.26,0.02,0.29
Collection,1,0,Fire Lord Azula,PTLA,Avatar: The Last Airbender Promos,220s,NearMint,Foil,English,24.00,2026-08-26,28.19,8.99,24.00
Collection,1,0,"Firja, Judge of Valor",MUL,Multiverse Legends,40,NearMint,Normal,English,0.09,2026-08-26,0.10,0.02,0.09
Collection,3,0,"Flubs, the Fool",BLC,Bloomburrow Commander,356,NearMint,Foil,English,2.35,2026-08-26,2.38,0.60,2.36
Collection,2,0,"Flubs, the Fool",BLC,Bloomburrow Commander,356,NearMint,Normal,English,0.73,2026-08-26,0.67,0.10,0.73
Collection,1,0,Flying Octobot,SPM,"Marvel's Spider-Man",31,NearMint,Normal,English,0.05,2026-08-26,0.07,0.02,0.05
Collection,1,0,Friendly Rivalry,LTR,The Lord of the Rings: Tales of Middle-earth,204,NearMint,Normal,English,0.10,2026-08-25,0.08,0.02,0.10
Collection,1,0,Frodo Baggins,LTR,The Lord of the Rings: Tales of Middle-earth,320,NearMint,Normal,English,0.11,2026-08-26,0.13,0.02,0.11
Collection,1,0,Frodo Baggins,LTR,The Lord of the Rings: Tales of Middle-earth,205,NearMint,Normal,English,0.08,2026-08-26,0.10,0.02,0.08
Collection,1,0,"Frodo, Sauron's Bane",LTR,The Lord of the Rings: Tales of Middle-earth,18,NearMint,Normal,English,0.23,2026-08-24,0.26,0.02,0.24
Collection,1,0,Frolicking Familiar // Blow Off Steam,WOE,Wilds of Eldraine,226,NearMint,Normal,English,0.14,2026-08-26,0.15,0.02,0.14
Collection,1,0,From Father to Son,FIN,Final Fantasy,20,NearMint,Normal,English,0.21,2026-08-26,0.20,0.02,0.21
Collection,2,0,Furious Forebear,TDM,Tarkir: Dragonstorm,13,NearMint,Normal,English,0.11,2026-08-26,0.09,0.02,0.11
Collection,1,0,Futurist Operative,NEO,Kamigawa: Neon Dynasty,333,NearMint,Normal,English,0.07,2026-08-26,0.06,0.02,0.07
Collection,1,0,"Fynn, the Fangbearer",MUL,Multiverse Legends,26,NearMint,Normal,English,0.12,2026-08-24,0.13,0.02,0.12
Collection,1,0,Galecaster Colossus,C17,Commander 2017,10,NearMint,Normal,English,2.96,2026-08-26,3.32,2.00,2.96
Collection,2,0,"Galion, Elvenking's Butler",HOB,The Hobbit,125,NearMint,Normal,English,0.02,2026-08-26,0.17,0.02,0.02
Collection,1,0,Gallant Pie-Wielder,WOE,Wilds of Eldraine,15,NearMint,Normal,English,0.09,2026-08-26,0.05,0.02,0.09
Collection,1,0,Galvanic Giant // Storm Reading,WOE,Wilds of Eldraine,52,NearMint,Normal,English,0.10,2026-08-26,0.08,0.02,0.10
Collection,1,0,Gandalf the Grey,LTR,The Lord of the Rings: Tales of Middle-earth,322,NearMint,Normal,English,0.39,2026-08-26,0.40,0.04,0.39
Collection,1,0,"Gandalf, Friend of the Shire",LTR,The Lord of the Rings: Tales of Middle-earth,308,NearMint,Normal,English,0.10,2026-08-25,0.11,0.02,0.10
Collection,1,0,"Gandalf, Friend of the Shire",LTR,The Lord of the Rings: Tales of Middle-earth,50,NearMint,Normal,English,0.14,2026-08-25,0.11,0.02,0.14
Collection,1,0,"Gandalf, Spark Starter",HOB,The Hobbit,203,NearMint,Normal,English,0.16,2026-08-24,0.26,0.02,0.16
Collection,4,0,"Gandalf, Wandering Wizard",HOB,The Hobbit,41,NearMint,Normal,English,0.03,2026-08-24,0.11,0.02,0.02
Collection,1,0,"Garland, Knight of Cornelia",FIN,Final Fantasy,221,NearMint,Normal,English,0.10,2026-08-26,0.08,0.02,0.10
Collection,1,0,Genju of the Realm,BOK,Betrayers of Kamigawa,151,NearMint,Normal,English,1.23,2026-08-26,1.32,0.15,1.23
Collection,1,0,"Genku, Future Shaper",MH3,Modern Horizons 3,186,NearMint,Normal,English,0.24,2026-08-26,0.12,0.02,0.24
Collection,1,0,Get Lost,LCI,The Lost Caverns of Ixalan,14,NearMint,Normal,English,4.08,2026-08-26,4.19,1.90,4.08
Collection,1,0,Getaway Glamer,OTJ,Outlaws of Thunder Junction,14,NearMint,Normal,English,0.11,2026-08-26,0.21,0.02,0.11
Collection,1,0,"Geth, Thane of Contracts",ONE,Phyrexia: All Will Be One,306,NearMint,Foil,English,0.33,2026-08-24,0.27,0.02,0.31
Collection,1,0,Ghalta and Mavren,MOM,March of the Machine,386,NearMint,Foil,English,0.94,2026-08-26,1.59,0.40,0.94
Collection,1,0,Ghostly Keybearer,DSK,Duskmourn: House of Horror,61,NearMint,Foil,English,0.08,2026-08-26,0.10,0.02,0.08
Collection,1,0,Ghostway,RVR,Ravnica Remastered,308,NearMint,Normal,English,2.61,2026-08-26,2.51,0.89,2.61
Collection,1,0,"Gimli, Counter of Kills",LTR,The Lord of the Rings: Tales of Middle-earth,129,NearMint,Normal,English,0.11,2026-08-24,0.11,0.02,0.11
Collection,1,0,"Gimli, Counter of Kills",LTR,The Lord of the Rings: Tales of Middle-earth,312,NearMint,Normal,English,0.10,2026-08-24,0.13,0.02,0.10
Collection,1,0,"Gimli, Mournful Avenger",LTR,The Lord of the Rings: Tales of Middle-earth,209,NearMint,Normal,English,0.34,2026-08-26,0.22,0.02,0.34
Collection,1,0,Glamer Gifter,ECL,Lorwyn Eclipsed,49,NearMint,Normal,English,0.16,2026-08-26,0.16,0.02,0.16
Collection,1,0,Glimmer Lens,ONC,Phyrexia: All Will Be One Commander,6,NearMint,Normal,English,3.13,2026-08-26,2.81,2.00,3.13
Collection,1,0,"Glissa, Herald of Predation",MOM,March of the Machine,308,NearMint,Normal,English,0.25,2026-08-26,0.23,0.04,0.25
Collection,1,0,Glóin the Mighty // Easy Pickings,HOB,The Hobbit,99,NearMint,Normal,English,0.02,2026-08-24,0.23,0.02,0.02
Collection,1,0,"Glóin, Dwarf Emissary",LTR,The Lord of the Rings: Tales of Middle-earth,132,NearMint,Normal,English,0.70,2026-08-24,0.58,0.07,0.74
Collection,1,0,"Glorfindel, Dauntless Rescuer",LTR,The Lord of the Rings: Tales of Middle-earth,171,NearMint,Normal,English,0.09,2026-08-26,0.09,0.02,0.09
Collection,4,0,Glorifier of Dusk,XLN,Ixalan,12,NearMint,Normal,English,0.05,2026-08-26,0.05,0.02,0.05
Collection,1,0,Glyph Elemental,MH3,Modern Horizons 3,27,NearMint,Normal,English,0.14,2026-08-26,0.14,0.02,0.14
Collection,1,0,Goblin Electromancer,RVR,Ravnica Remastered,186,NearMint,Normal,English,0.12,2026-08-25,0.11,0.02,0.12
Collection,1,0,"Goddric, Cloaked Reveler",WOE,Wilds of Eldraine,132,NearMint,Foil,English,0.30,2026-08-24,0.23,0.06,0.30
Collection,1,0,"Gogo, Master of Mimicry",FIN,Final Fantasy,54,NearMint,Normal,English,4.18,2026-08-24,3.25,2.00,4.09
Collection,1,0,Goldnight Commander,KHC,Kaldheim Commander,27,NearMint,Normal,English,0.19,2026-08-26,0.19,0.02,0.19
Collection,2,0,Gollum the Abandoned,HOB,The Hobbit,72,NearMint,Normal,English,0.02,2026-08-24,0.21,0.02,0.02
Collection,1,0,"Gollum, Patient Plotter",LTR,The Lord of the Rings: Tales of Middle-earth,309,NearMint,Normal,English,0.10,2026-08-24,0.12,0.02,0.10
Collection,4,0,"Gollum, Silent Slinker // Meager Meal",HOB,The Hobbit,71,NearMint,Normal,English,0.02,2026-08-24,0.07,0.02,0.02
Collection,1,0,Gorbag of Minas Morgul,LTR,The Lord of the Rings: Tales of Middle-earth,86,NearMint,Normal,English,0.12,2026-08-24,0.10,0.02,0.12
Collection,1,0,"Goreclaw, Terror of Qal Sisma",MUL,Multiverse Legends,27,NearMint,Normal,English,1.38,2026-08-26,1.17,0.20,1.38
Collection,1,0,"Graaz, Unstoppable Juggernaut",ONE,Phyrexia: All Will Be One,334,NearMint,Normal,English,0.30,2026-08-26,0.29,0.02,0.30
Collection,1,0,"Graaz, Unstoppable Juggernaut",ONE,Phyrexia: All Will Be One,229,NearMint,Normal,Japanese,0.15,2026-08-26,0.17,0.02,0.15
Collection,1,0,Gran-Gran,PW25,Wizards Play Network 2025,14,NearMint,Normal,English,0.25,2026-08-24,0.28,0.02,0.26
Collection,2,0,Grasp of Fate,WOT,Wilds of Eldraine: Enchanting Tales,3,NearMint,Normal,English,0.21,2026-08-26,0.20,0.02,0.21
Collection,1,0,Greater Auramancy,WOT,Wilds of Eldraine: Enchanting Tales,4,NearMint,Normal,English,17.04,2026-08-26,18.00,11.00,17.04
Collection,1,0,"Green Goblin, Revenant",SPM,"Marvel's Spider-Man",130,NearMint,Normal,English,0.12,2026-08-26,0.17,0.02,0.12
Collection,2,0,Gríma Wormtongue,LTR,The Lord of the Rings: Tales of Middle-earth,88,NearMint,Normal,English,0.10,2026-08-24,0.09,0.02,0.08
Collection,1,0,"Grishnákh, Brash Instigator",LTR,The Lord of the Rings: Tales of Middle-earth,134,NearMint,Normal,English,0.10,2026-08-25,0.10,0.02,0.10
Collection,2,0,"Grond, the Gatebreaker",LTR,The Lord of the Rings: Tales of Middle-earth,89,NearMint,Normal,English,0.08,2026-08-24,0.09,0.02,0.07
Collection,1,0,Group Project,SOS,Secrets of Strixhaven,17,NearMint,Normal,English,0.08,2026-08-26,0.06,0.02,0.08
Collection,2,0,Growing Rites of Itlimoc,LCI,The Lost Caverns of Ixalan,188,NearMint,Normal,English,6.11,2026-08-26,5.83,2.00,6.11
Collection,2,0,Guardian of Ghirapur,MOM,March of the Machine,16,NearMint,Normal,English,0.30,2026-08-26,0.25,0.03,0.30
Collection,1,0,Guardian of the Forgotten,MH3,Modern Horizons 3,28,NearMint,Normal,English,0.11,2026-08-26,0.12,0.02,0.11
Collection,1,0,Guardian of the Great Door,LCI,The Lost Caverns of Ixalan,16,NearMint,Normal,English,0.06,2026-08-26,0.08,0.02,0.06
Collection,1,0,Guardian Sunmare,PDFT,Aetherdrift Promos,15s,NearMint,Foil,English,0.80,2026-08-26,0.75,0.10,0.80
Collection,1,0,Guide of Souls,SCH,Store Championships,46,NearMint,Foil,English,5.32,2026-08-26,4.99,3.00,5.32
Collection,1,0,Guide of Souls,MH3,Modern Horizons 3,29,NearMint,Normal,English,3.29,2026-08-26,3.39,1.50,3.29
Collection,1,0,Guru Pathik,TLA,Avatar: The Last Airbender,223,NearMint,Normal,English,0.08,2026-08-26,0.14,0.02,0.08
Collection,2,0,Gwaihir the Windlord,LTR,The Lord of the Rings: Tales of Middle-earth,210,NearMint,Normal,English,0.09,2026-08-26,0.14,0.02,0.09
Collection,1,0,"Gwaihir, Greatest of the Eagles",LTC,Tales of Middle-earth Commander,15,NearMint,Normal,English,0.48,2026-08-24,0.41,0.10,0.49
Collection,1,0,"Haliya, Guided by Light",PEOE,Edge of Eternities Promos,19p,NearMint,Normal,English,3.30,2026-08-24,3.06,2.50,3.35
Collection,1,0,"Harold and Bob, First Numens",PIP,Fallout,78,NearMint,Normal,English,0.30,2026-08-26,0.23,0.09,0.30
Collection,1,0,"Haru, Hidden Talent",TLA,Avatar: The Last Airbender,182,NearMint,Normal,English,0.13,2026-08-24,0.17,0.02,0.11
Collection,1,0,Hazel of the Rootbloom,BLC,Bloomburrow Commander,2,NearMint,Normal,English,5.12,2026-08-26,4.51,1.00,5.12
Collection,1,0,"Heiko Yamazaki, the General",NEO,Kamigawa: Neon Dynasty,321,NearMint,Normal,English,0.12,2026-08-24,0.12,0.02,0.11
Collection,1,0,"Heliod's Emissary",THS,Theros,18,NearMint,Normal,English,0.04,2026-08-26,0.05,0.02,0.04
Collection,1,0,Helping Hand,LCI,The Lost Caverns of Ixalan,17,NearMint,Normal,English,0.21,2026-08-26,0.17,0.02,0.21
Collection,1,0,Hidetsugu and Kairi,PMOM,March of the Machine Promos,228p,NearMint,Normal,English,0.18,2026-08-26,0.22,0.05,0.18
Collection,1,0,"Hidetsugu, Devouring Chaos",NEO,Kamigawa: Neon Dynasty,378,NearMint,Normal,English,0.35,2026-08-24,0.34,0.08,0.39
Collection,1,0,High Perfect Morcant,ECL,Lorwyn Eclipsed,229,NearMint,Normal,English,1.40,2026-08-26,1.33,0.30,1.40
Collection,1,0,"Hikari, Twilight Guardian",MM2,Modern Masters 2015,18,NearMint,Normal,English,0.07,2026-08-24,0.06,0.02,0.07
Collection,2,0,Honest Rutstein,OTJ,Outlaws of Thunder Junction,207,NearMint,Normal,English,0.44,2026-08-26,0.42,0.02,0.44
Collection,1,0,Hop to It,SOA,Secrets of Strixhaven Mystical Archive,6,NearMint,Normal,English,0.10,2026-08-26,0.10,0.02,0.10
Collection,1,0,Hope Estheim,FIN,Final Fantasy,396,NearMint,Normal,English,2.41,2026-08-26,1.83,0.96,2.41
Collection,1,0,Hope-Ender Coatl,MH3,Modern Horizons 3,64,NearMint,Foil,English,0.30,2026-08-26,0.29,0.02,0.30
Collection,1,0,Horn of Gondor,LTR,The Lord of the Rings: Tales of Middle-earth,240,NearMint,Normal,English,1.26,2026-08-26,1.23,0.35,1.26
Collection,1,0,Horses of the Bruinen,LTR,The Lord of the Rings: Tales of Middle-earth,55,NearMint,Normal,English,0.11,2026-08-25,0.06,0.02,0.10
Collection,1,0,"Hugs, Grisly Guardian",BLB,Bloomburrow,333,NearMint,Foil,English,3.30,2026-08-26,3.22,2.00,3.30
Collection,1,0,Icewrought Sentry,WOE,Wilds of Eldraine,55,NearMint,Normal,English,0.15,2026-08-26,0.07,0.02,0.15
Collection,1,0,Il Mheg Pixie,FIN,Final Fantasy,57,NearMint,Normal,English,0.12,2026-08-26,0.09,0.02,0.12
Collection,1,0,Imperial Recovery Unit,NEO,Kamigawa: Neon Dynasty,18,NearMint,Normal,English,0.06,2026-08-26,0.06,0.02,0.06
Collection,1,0,Increasing Devotion,C20,Commander 2020,91,NearMint,Normal,English,0.13,2026-08-26,0.18,0.05,0.13
Collection,2,0,Indebted Spirit,MH3,Modern Horizons 3,31,NearMint,Normal,English,0.15,2026-08-26,0.14,0.02,0.15
Collection,2,0,Inga Rune-Eyes,MUL,Multiverse Legends,10,NearMint,Normal,English,0.09,2026-08-24,0.06,0.02,0.08
Collection,1,0,Inkshape Demonstrator,SOS,Secrets of Strixhaven,21,NearMint,Normal,English,0.06,2026-08-26,0.06,0.02,0.06
Collection,1,0,Inspired Sphinx,KHC,Kaldheim Commander,40,NearMint,Normal,English,0.28,2026-08-26,0.30,0.02,0.29
Collection,1,0,Intangible Virtue,MD1,Modern Event Deck 2014,7,NearMint,Normal,English,0.17,2026-08-26,0.15,0.02,0.17
Collection,1,0,"Interceptor, Shadow's Hound",FIC,Final Fantasy Commander,47,NearMint,Normal,English,0.18,2026-08-24,0.15,0.05,0.18
Collection,1,0,Invasion of Belenon,MOM,March of the Machine,20,NearMint,Normal,English,0.07,2026-08-26,0.13,0.02,0.07
Collection,2,0,Invasion of Dominaria,MOM,March of the Machine,21,NearMint,Normal,English,0.15,2026-08-26,0.15,0.02,0.15
Collection,1,0,Invasion Reinforcements,TLA,Avatar: The Last Airbender,24,NearMint,Normal,English,0.10,2026-08-26,0.12,0.02,0.10
Collection,1,0,Ioreth of the Healing House,LTR,The Lord of the Rings: Tales of Middle-earth,56,NearMint,Normal,English,0.15,2026-08-25,0.15,0.02,0.13
Collection,1,0,"Iroh, Grand Lotus",TLA,Avatar: The Last Airbender,349,NearMint,Normal,English,1.98,2026-08-26,1.86,0.85,1.98
Collection,1,0,"Iroh, Tea Master",TLA,Avatar: The Last Airbender,228,NearMint,Normal,English,0.11,2026-08-26,0.22,0.02,0.11
Collection,1,0,Iron Hills Blacksmith,HOB,The Hobbit,16,NearMint,Normal,English,0.07,2026-08-26,0.17,0.02,0.07
Collection,1,0,Iron Hills Blacksmith,HOB,The Hobbit,216,NearMint,Normal,English,0.12,2026-08-26,0.17,0.02,0.12
Collection,1,0,"Itzquinth, Firstborn of Gishath",LCI,The Lost Caverns of Ixalan,230,NearMint,Normal,English,0.14,2026-08-26,0.16,0.02,0.14
Collection,2,0,"Itzquinth, Firstborn of Gishath",LCI,The Lost Caverns of Ixalan,331,NearMint,Normal,English,0.10,2026-08-26,0.10,0.02,0.10
Collection,1,0,"Jace, Architect of Thought",NEC,Neon Dynasty Commander,93,NearMint,Normal,English,0.27,2026-08-24,0.27,0.06,0.25
Collection,1,0,Jackdaw Savior,BLB,Bloomburrow,18,NearMint,Normal,English,0.37,2026-08-26,0.36,0.02,0.37
Collection,1,0,"Jadzi, Steward of Fate // Oracle's Gift",PSOS,Secrets of Strixhaven Promos,55p,NearMint,Normal,English,0.08,2026-08-24,0.15,0.10,0.08
Collection,1,0,"Jeong Jeong, the Deserter",TLA,Avatar: The Last Airbender,142,NearMint,Normal,English,0.10,2026-08-24,0.09,0.02,0.08
Collection,2,0,"Jet, Freedom Fighter",TLA,Avatar: The Last Airbender,229,NearMint,Normal,English,0.03,2026-08-26,0.08,0.02,0.03
Collection,1,0,Jolly Gerbils,BLB,Bloomburrow,19,NearMint,Normal,English,0.11,2026-08-26,0.11,0.02,0.11
Collection,2,0,"Jolrael, Voice of Zhalfir",MAT,March of the Machine: The Aftermath,230,NearMint,Foil,English,0.18,2026-08-26,0.11,0.02,0.18
Collection,1,0,Jolting Merfolk,NEM,Nemesis,34,NearMint,Normal,English,0.16,2026-08-26,0.15,0.02,0.16
Collection,1,0,"Jor Kadeen, the Prevailer",ONC,Phyrexia: All Will Be One Commander,119,NearMint,Normal,English,0.13,2026-08-26,0.20,0.02,0.13
Collection,1,0,Journey to Nowhere,OTP,Breaking News,3,NearMint,Foil,English,0.44,2026-08-26,0.55,0.03,0.44
Collection,1,0,Journey to Nowhere,OTP,Breaking News,3,NearMint,Normal,English,0.34,2026-08-26,0.35,0.02,0.34
Collection,1,0,Judge Magister Gabranth,FIN,Final Fantasy,230,NearMint,Normal,English,0.12,2026-08-26,0.08,0.02,0.12
Collection,1,0,"June, Bounty Hunter",TLA,Avatar: The Last Airbender,106,NearMint,Foil,English,0.21,2026-08-24,0.23,0.02,0.16
Collection,1,0,"June, Bounty Hunter",TLA,Avatar: The Last Airbender,106,NearMint,Normal,English,0.10,2026-08-24,0.08,0.02,0.10
Collection,1,0,"Juri, Master of the Revue",MUL,Multiverse Legends,46,NearMint,Foil,English,0.20,2026-08-26,0.25,0.02,0.20
Collection,2,0,"Juri, Master of the Revue",MUL,Multiverse Legends,46,NearMint,Normal,English,0.09,2026-08-26,0.11,0.02,0.09
Collection,1,0,"Kain, Traitorous Dragoon",FIN,Final Fantasy,105,NearMint,Normal,English,0.13,2026-08-24,0.18,0.02,0.12
Collection,1,0,"Kaito, Dancing Shadow",ONE,Phyrexia: All Will Be One,204,NearMint,Normal,English,0.31,2026-08-26,0.34,0.03,0.31
Collection,1,0,"Kaito, Dancing Shadow",ONE,Phyrexia: All Will Be One,340,NearMint,Normal,English,0.36,2026-08-26,0.46,0.10,0.36
Collection,1,0,"Kambal, Profiteering Mayor",OTJ,Outlaws of Thunder Junction,211,NearMint,Normal,English,4.46,2026-08-26,4.66,2.45,4.46
Collection,1,0,Kami of the Palace Fields,CHK,Champions of Kamigawa,24,NearMint,Normal,English,0.06,2026-08-26,0.09,0.02,0.06
Collection,1,0,Kappa Cannoneer,MH3,Modern Horizons 3,270,NearMint,Normal,English,0.72,2026-08-26,0.73,0.20,0.72
Collection,1,0,"Karumonix, the Rat King",ONE,Phyrexia: All Will Be One,307,NearMint,Normal,English,0.62,2026-08-24,0.56,0.20,0.58
Collection,2,0,"Katara, Bending Prodigy",TLA,Avatar: The Last Airbender,59,NearMint,Normal,English,0.12,2026-08-24,0.12,0.02,0.11
Collection,1,0,"Kaya, Intangible Slayer",ONE,Phyrexia: All Will Be One,341,NearMint,Foil,English,0.56,2026-08-26,0.63,0.15,0.57
Collection,1,0,"Kellan, Inquisitive Prodigy // Tail the Suspect",MKM,Murders at Karlov Manor,212,NearMint,Normal,English,0.29,2026-08-26,0.28,0.05,0.29
Collection,1,0,"Kemba, Kha Enduring",ONE,Phyrexia: All Will Be One,330,NearMint,Foil,English,0.68,2026-08-24,0.52,0.09,0.59
Collection,1,0,"Kethek, Crucible Goliath",ONE,Phyrexia: All Will Be One,319,NearMint,Foil,English,0.34,2026-08-26,0.29,0.09,0.34
Collection,1,0,"Kiki-Jiki, Mirror Breaker",IMA,Iconic Masters,136,NearMint,Normal,English,6.96,2026-08-24,7.17,5.40,7.01
Collection,1,0,Kíli the Resourceful,HOB,The Hobbit,17,NearMint,Normal,English,0.43,2026-08-24,1.83,0.25,0.42
Collection,1,0,King Darien XLVIII,DMU,Dominaria United,204,NearMint,Normal,English,0.39,2026-08-26,0.39,0.05,0.39
Collection,1,0,Kinzu of the Bleak Coven,ONE,Phyrexia: All Will Be One,406,NearMint,Normal,English,0.25,2026-08-24,0.14,0.04,0.23
Collection,1,0,"Kirol, History Buff // Pack a Punch",SOS,Secrets of Strixhaven,198,NearMint,Normal,English,0.05,2026-08-26,0.06,0.02,0.05
Collection,1,0,Knowledge Seeker,TLA,Avatar: The Last Airbender,60,NearMint,Normal,English,0.06,2026-08-26,0.12,0.02,0.06
Collection,1,0,Kogla and Yidaro,MOM,March of the Machine,244,NearMint,Normal,English,0.84,2026-08-26,1.01,0.10,0.84
Collection,1,0,Kor Chant,EXO,Exodus,9,NearMint,Normal,English,0.13,2026-08-26,0.12,0.02,0.13
Collection,1,0,"Koth, Fire of Resistance",ONE,Phyrexia: All Will Be One,338,NearMint,Normal,English,0.56,2026-08-24,0.44,0.18,0.59
Collection,1,0,"Kotis, the Fangkeeper",TDM,Tarkir: Dragonstorm,202,NearMint,Normal,English,0.25,2026-08-26,0.24,0.02,0.25
Collection,1,0,"Kotose, the Silent Spider",NEO,Kamigawa: Neon Dynasty,351,NearMint,Foil,English,0.74,2026-08-26,0.92,0.10,0.74
Collection,1,0,"Kraven, Proud Predator",SPM,"Marvel's Spider-Man",132,NearMint,Normal,English,0.09,2026-08-26,0.10,0.02,0.09
Collection,1,0,"Krenko, Baron of Tin Street",MKM,Murders at Karlov Manor,135,NearMint,Normal,English,0.33,2026-08-24,0.30,0.02,0.30
Collection,1,0,"Kutzil, Malamet Exemplar",LCI,The Lost Caverns of Ixalan,304,NearMint,Normal,English,2.53,2026-08-26,2.20,0.15,2.53
Collection,2,0,"Kutzil, Malamet Exemplar",LCI,The Lost Caverns of Ixalan,232,NearMint,Normal,English,2.57,2026-08-26,2.28,0.50,2.57
Collection,1,0,"Kutzil's Flanker",PLCI,The Lost Caverns of Ixalan Promos,20p,NearMint,Normal,English,0.52,2026-08-26,0.45,0.24,0.52
Collection,1,0,Kyoshi Island Plaza,TLA,Avatar: The Last Airbender,184,NearMint,Normal,English,0.11,2026-08-26,0.18,0.02,0.11
Collection,1,0,Laboratory Maniac,INR,Innistrad Remastered,359,NearMint,Normal,English,0.79,2026-08-26,0.97,0.19,0.79
Collection,2,0,Lake-town Mariners // Gone Fishing,HOB,The Hobbit,44,NearMint,Normal,English,0.02,2026-08-26,0.09,0.02,0.02
Collection,2,0,Lake-town Toymaker,HOB,The Hobbit,19,NearMint,Normal,English,0.05,2026-08-26,0.08,0.02,0.05
Collection,2,0,"Landroval, Horizon Witness",LTR,The Lord of the Rings: Tales of Middle-earth,21,NearMint,Normal,English,0.09,2026-08-24,0.05,0.02,0.09
Collection,1,0,"Landroval, Horizon Witness",LTR,The Lord of the Rings: Tales of Middle-earth,21,NearMint,Foil,English,0.20,2026-08-24,0.17,0.02,0.20
Collection,1,0,Lassoed by the Law,OTJ,Outlaws of Thunder Junction,18,NearMint,Normal,English,0.10,2026-08-26,0.12,0.02,0.10
Collection,1,0,"Lathliss, Dragon Queen",FDN,Foundations,627,NearMint,Normal,English,0.42,2026-08-24,0.33,0.16,0.40
Collection,1,0,"Lavinia, Foil to Conspiracy",CLU,Ravnica: Clue Edition,284,NearMint,Foil,English,0.44,2026-08-26,0.45,0.02,0.44
Collection,1,0,"Legolas, Counter of Kills",LTR,The Lord of the Rings: Tales of Middle-earth,324,NearMint,Normal,English,0.07,2026-08-26,0.13,0.02,0.07
Collection,1,0,"Legolas, Counter of Kills",LTR,The Lord of the Rings: Tales of Middle-earth,212,NearMint,Normal,English,0.10,2026-08-26,0.09,0.02,0.10
Collection,1,0,"Legolas, Master Archer",LTR,The Lord of the Rings: Tales of Middle-earth,435,NearMint,Normal,English,1.39,2026-08-26,1.49,0.60,1.39
Collection,1,0,"Legolas, Master Archer",LTR,The Lord of the Rings: Tales of Middle-earth,173,NearMint,Normal,English,0.35,2026-08-26,0.29,0.02,0.35
Collection,1,0,Leyline Binding,PDMU,Dominaria United Promos,24p,NearMint,Normal,English,0.86,2026-08-26,0.97,0.25,0.86
Collection,1,0,Leyline of Hope,DSK,Duskmourn: House of Horror,18,NearMint,Normal,English,0.50,2026-08-26,0.42,0.02,0.50
Collection,1,0,Leyline of Sanctity,WOT,Wilds of Eldraine: Enchanting Tales,10,NearMint,Normal,English,0.80,2026-08-26,0.61,0.10,0.80
Collection,1,0,Liberate,INV,Invasion,21,NearMint,Normal,English,0.37,2026-08-26,0.39,0.02,0.37
Collection,1,0,"Liliana, Death Wielder",ECC,Lorwyn Eclipsed Commander,78,NearMint,Normal,English,0.38,2026-08-24,0.40,0.17,0.35
Collection,1,0,Lionheart Glimmer,DSK,Duskmourn: House of Horror,19,NearMint,Normal,English,0.06,2026-08-26,0.07,0.02,0.06
Collection,1,0,Lithoform Engine,BRC,"The Brothers' War Commander",146,NearMint,Normal,English,3.79,2026-08-26,3.80,1.99,3.79
Collection,1,0,"Lluwen, Exchange Student // Pest Friend",SOS,Secrets of Strixhaven,199,NearMint,Normal,English,0.10,2026-08-26,0.09,0.02,0.10
Collection,1,0,"Lluwen, Imperfect Naturalist",PECL,Lorwyn Eclipsed Promos,232p,NearMint,Normal,English,0.25,2026-08-26,0.26,0.02,0.25
Collection,1,0,"Lo and Li, Twin Tutors",TLA,Avatar: The Last Airbender,108,NearMint,Normal,English,0.04,2026-08-24,0.05,0.02,0.04
Collection,1,0,Locke Cole,FIN,Final Fantasy,234,NearMint,Normal,English,0.07,2026-08-26,0.07,0.02,0.07
Collection,1,0,"Locke, Treasure Hunter",FIC,Final Fantasy Commander,87,NearMint,Normal,English,0.30,2026-08-26,0.28,0.09,0.30
Collection,1,0,"Long Feng, Grand Secretariat",TLA,Avatar: The Last Airbender,233,NearMint,Normal,English,0.05,2026-08-26,0.08,0.02,0.05
Collection,1,0,Long River Lurker,BLB,Bloomburrow,57,NearMint,Normal,English,0.13,2026-08-26,0.12,0.02,0.13
Collection,1,0,Lord of the Unreal,J25,Foundations Jumpstart,322,NearMint,Normal,English,1.12,2026-08-26,1.16,0.28,1.13
Collection,1,0,Lost Isle Calling,LTR,The Lord of the Rings: Tales of Middle-earth,444,NearMint,Foil,English,0.71,2026-08-25,0.78,0.24,0.66
Collection,1,0,Lost to Legend,LTR,The Lord of the Rings: Tales of Middle-earth,22,NearMint,Normal,English,0.11,2026-08-26,0.06,0.02,0.11
Collection,1,0,Loxodon Battle Priest,TDM,Tarkir: Dragonstorm,15,NearMint,Normal,English,0.08,2026-08-26,0.07,0.02,0.08
Collection,1,0,"Lukka, Bound to Ruin",ONE,Phyrexia: All Will Be One,342,NearMint,Foil,English,0.96,2026-08-26,1.20,0.45,0.96
Collection,2,0,Lunatic Pandora,FIN,Final Fantasy,262,NearMint,Normal,English,0.04,2026-08-26,0.04,0.02,0.04
Collection,1,0,"Lutri, the Spellchaser",MUL,Multiverse Legends,52,NearMint,Normal,English,0.70,2026-08-26,0.91,0.10,0.70
Collection,1,0,Lydia Frye,ACR,"Assassin's Creed",241,NearMint,Foil,English,0.39,2026-08-26,0.47,0.19,0.39
Collection,2,0,"Madame Web, Clairvoyant",SPM,"Marvel's Spider-Man",36,NearMint,Normal,English,0.06,2026-08-24,0.09,0.02,0.04
Collection,5,0,"Magda, the Hoardmaster",OTJ,Outlaws of Thunder Junction,374,NearMint,Foil,English,0.41,2026-08-24,0.47,0.02,0.39
Collection,1,0,"Mai, Jaded Edge",TLA,Avatar: The Last Airbender,147,NearMint,Normal,English,0.06,2026-08-24,0.15,0.02,0.09
Collection,2,0,Malamet War Scribe,LCI,The Lost Caverns of Ixalan,21,NearMint,Normal,English,0.07,2026-08-26,0.05,0.02,0.07
Collection,1,0,"Malcator, Purity Overseer",ONE,Phyrexia: All Will Be One,320,NearMint,Foil,English,0.52,2026-08-26,0.40,0.10,0.52
Collection,1,0,"Malcolm, Alluring Scoundrel",LCI,The Lost Caverns of Ixalan,293,NearMint,Normal,English,2.88,2026-08-24,3.05,0.75,2.97
Collection,1,0,Marauding Sphinx,OTJ,Outlaws of Thunder Junction,56,NearMint,Normal,English,0.15,2026-08-26,0.19,0.02,0.15
Collection,1,0,"Marina Vendrell's Grimoire",DSK,Duskmourn: House of Horror,308,NearMint,Normal,English,0.16,2026-08-24,0.28,0.02,0.15
Collection,1,0,Market Gnome,LCI,The Lost Caverns of Ixalan,22,NearMint,Normal,English,0.17,2026-08-26,0.15,0.02,0.17
Collection,1,0,"Marshal's Anthem",PIP,Fallout,981,NearMint,Surge Foil,English,0.71,2026-08-26,0.78,0.34,0.71
Collection,1,0,"Marshal's Anthem",WWK,Worldwake,15,NearMint,Normal,English,0.25,2026-08-26,0.27,0.02,0.25
Collection,1,0,"Martyr's Cause",ULG,"Urza's Legacy",13,NearMint,Normal,English,1.09,2026-08-26,1.18,0.10,1.09
Collection,1,0,"Marvo, Deep Operative",MKC,Murders at Karlov Manor Commander,7,NearMint,Foil,English,0.55,2026-08-26,0.55,0.19,0.55
Collection,1,0,Mary Jane Watson,PSPM,"Marvel's Spider-Man Promos",4,NearMint,Normal,English,0.25,2026-08-26,0.19,0.02,0.25
Collection,1,0,Massacre Girl,OTC,Outlaws of Thunder Junction Commander,140,NearMint,Normal,English,0.32,2026-08-24,0.29,0.02,0.32
Collection,1,0,Master Pakku,TLA,Avatar: The Last Airbender,63,NearMint,Normal,English,0.05,2026-08-24,0.07,0.02,0.04
Collection,1,0,Master Piandao,TLA,Avatar: The Last Airbender,28,NearMint,Normal,English,0.07,2026-08-24,0.08,0.02,0.06
Collection,1,0,"Master's Councillors",HOB,The Hobbit,47,NearMint,Normal,English,0.02,2026-08-26,0.20,0.02,0.02
Collection,1,0,"Mauhúr, Uruk-hai Captain",LTR,The Lord of the Rings: Tales of Middle-earth,214,NearMint,Normal,English,0.14,2026-08-26,0.13,0.02,0.14
Collection,1,0,"Melira, the Living Cure",ONE,Phyrexia: All Will Be One,209,NearMint,Normal,Japanese,0.14,2026-08-26,0.13,0.02,0.14
Collection,1,0,"Melira, the Living Cure",ONE,Phyrexia: All Will Be One,333,NearMint,Normal,English,0.32,2026-08-26,0.25,0.03,0.32
Collection,1,0,"Meneldor, Swift Savior",LTR,The Lord of the Rings: Tales of Middle-earth,62,NearMint,Normal,English,0.09,2026-08-24,0.11,0.02,0.10
Collection,1,0,Merchant of Truth,MKC,Murders at Karlov Manor Commander,322,NearMint,Normal,English,0.70,2026-08-26,0.73,0.20,0.70
Collection,1,0,Merfolk Looter,7ED,Seventh Edition,89,NearMint,Normal,English,0.19,2026-08-26,0.14,0.02,0.19
Collection,1,0,Meriadoc Brandybuck,LTR,The Lord of the Rings: Tales of Middle-earth,177,NearMint,Normal,English,0.15,2026-08-24,0.10,0.02,0.13
Collection,1,0,"Merry, Esquire of Rohan",LTR,The Lord of the Rings: Tales of Middle-earth,325,NearMint,Normal,English,1.00,2026-08-26,0.88,0.10,1.00
Collection,1,0,"Merry, Esquire of Rohan",LTR,The Lord of the Rings: Tales of Middle-earth,215,NearMint,Normal,English,0.46,2026-08-26,0.41,0.02,0.46
Collection,1,0,Might of the Ancestors,LCI,The Lost Caverns of Ixalan,23,NearMint,Normal,English,0.09,2026-08-26,0.07,0.02,0.09
Collection,1,0,"Migloz, Maze Crusher",ONE,Phyrexia: All Will Be One,210,NearMint,Normal,Japanese,0.17,2026-08-26,0.16,0.02,0.17
Collection,1,0,"Migloz, Maze Crusher",ONE,Phyrexia: All Will Be One,321,NearMint,Normal,English,0.21,2026-08-26,0.25,0.03,0.21
Collection,1,0,Mindspring Merfolk,DFT,Aetherdrift,51,NearMint,Normal,English,0.47,2026-08-26,0.50,0.02,0.47
Collection,1,0,Mindwhisker,BLB,Bloomburrow,60,NearMint,Normal,English,0.10,2026-08-26,0.10,0.02,0.10
Collection,2,0,Minor Misstep,ONE,Phyrexia: All Will Be One,64,NearMint,Normal,Japanese,0.20,2026-08-26,0.12,0.02,0.20
Collection,1,0,Mirror Entity,C16,Commander 2016,70,NearMint,Normal,English,0.52,2026-08-26,0.66,0.20,0.52
Collection,1,0,Mirror of Galadriel,LTR,The Lord of the Rings: Tales of Middle-earth,244,NearMint,Normal,English,0.08,2026-08-26,0.12,0.02,0.08
Collection,1,0,Mischievous Mystic,FDN,Foundations,47,NearMint,Normal,English,0.17,2026-08-26,0.19,0.02,0.17
Collection,1,0,Mischievous Pup,LCI,The Lost Caverns of Ixalan,25,NearMint,Normal,English,0.05,2026-08-26,0.04,0.02,0.05
Collection,1,0,Mist Raven,INR,Innistrad Remastered,362,NearMint,Normal,English,0.18,2026-08-26,0.13,0.02,0.18
Collection,1,0,Mistmeadow Skulk,OTC,Outlaws of Thunder Junction Commander,84,NearMint,Normal,English,0.10,2026-08-26,0.12,0.02,0.10
Collection,1,0,"Mm'menon, the Right Hand",EOE,Edge of Eternities,68,NearMint,Normal,English,0.37,2026-08-24,0.30,0.02,0.37
Collection,1,0,"Mm'menon, Uthros Exile",EOE,Edge of Eternities,221,NearMint,Foil,English,0.25,2026-08-26,0.25,0.02,0.25
Collection,1,0,Moira and Teshar,MOC,March of the Machine Commander,7,NearMint,Foil,English,0.45,2026-08-26,0.30,0.06,0.45
Collection,1,0,"Molimo, Maro-Sorcerer",CMM,Commander Masters,305,NearMint,Normal,English,0.11,2026-08-26,0.11,0.02,0.11
Collection,1,0,"Momo, Friendly Flier",TLA,Avatar: The Last Airbender,394,NearMint,Foil,English,0.45,2026-08-24,0.68,0.04,0.45
Collection,1,0,"Momo, Playful Pet",TLA,Avatar: The Last Airbender,30,NearMint,Normal,English,0.19,2026-08-24,0.18,0.02,0.18
Collection,1,0,Monstrosity of the Lake,LTC,Tales of Middle-earth Commander,22,NearMint,Normal,English,0.40,2026-08-24,0.57,0.10,0.49
Collection,1,0,Morbius the Living Vampire,SPM,"Marvel's Spider-Man",137,NearMint,Normal,English,0.14,2026-08-26,0.11,0.02,0.14
Collection,1,0,"Moseo, Vein's New Dean",SOS,Secrets of Strixhaven,91,NearMint,Foil,English,0.93,2026-08-24,1.11,0.05,0.96
Collection,1,0,Most Decrepit Old Bird // Speak Secrets,HOB,The Hobbit,49,NearMint,Normal,English,0.02,2026-08-26,0.41,0.02,0.02
Collection,1,0,Mouse Trapper,BLB,Bloomburrow,22,NearMint,Normal,English,0.09,2026-08-26,0.08,0.02,0.09
Collection,1,0,"Muldrotha, the Gravetide",FCA,Final Fantasy: Through the Ages,57,NearMint,Normal,English,2.35,2026-08-26,2.26,1.50,2.35
Collection,1,0,Murmuring Mystic,J25,Foundations Jumpstart,107,NearMint,Normal,English,0.83,2026-08-26,0.83,0.28,0.83
Collection,1,0,Muster the Departed,MH3,Modern Horizons 3,36,NearMint,Foil,English,0.25,2026-08-26,0.21,0.02,0.25
Collection,1,0,Myrsmith,NEC,Neon Dynasty Commander,86,NearMint,Normal,English,0.08,2026-08-26,0.18,0.02,0.08
Collection,1,0,"Nadu, Winged Wisdom",MH3,Modern Horizons 3,193,NearMint,Normal,English,0.25,2026-08-26,0.34,0.05,0.25
Collection,1,0,Naga Fleshcrafter,TDM,Tarkir: Dragonstorm,52,NearMint,Normal,English,0.33,2026-08-26,0.29,0.02,0.33
Collection,1,0,"Nahiri, the Unforgiving",ONE,Phyrexia: All Will Be One,211,NearMint,Normal,Japanese,0.50,2026-08-26,0.41,0.10,0.50
Collection,1,0,"Nashi, Searcher in the Dark",DSK,Duskmourn: House of Horror,223,NearMint,Foil,English,0.29,2026-08-26,0.33,0.02,0.29
Collection,1,0,"Neva, Stalked by Nightmares",WOE,Wilds of Eldraine,209,NearMint,Normal,English,0.07,2026-08-26,0.13,0.02,0.07
Collection,1,0,Niblis of the Urn,INR,Innistrad Remastered,35,NearMint,Normal,English,0.20,2026-08-26,0.17,0.02,0.20
Collection,1,0,"Nicanzil, Current Conductor",LCI,The Lost Caverns of Ixalan,306,NearMint,Foil,English,0.30,2026-08-26,0.22,0.02,0.30
Collection,1,0,"Nicanzil, Current Conductor",LCI,The Lost Caverns of Ixalan,306,NearMint,Normal,English,0.11,2026-08-26,0.13,0.02,0.11
Collection,1,0,"Nicanzil, Current Conductor",LCI,The Lost Caverns of Ixalan,236,NearMint,Normal,English,0.11,2026-08-26,0.12,0.02,0.11
Collection,1,0,Nightveil Sprite,J25,Foundations Jumpstart,335,NearMint,Normal,English,0.10,2026-08-26,0.08,0.02,0.10
Collection,1,0,Nimble Brigand,OTJ,Outlaws of Thunder Junction,58,NearMint,Foil,English,0.13,2026-08-26,0.14,0.02,0.13
Collection,1,0,"Niv-Mizzet, Guildpact",MKM,Murders at Karlov Manor,319,NearMint,Normal,English,0.51,2026-08-26,0.57,0.25,0.51
Collection,2,0,"Niv-Mizzet, the Firemind",RVR,Ravnica Remastered,467,NearMint,Foil,English,0.45,2026-08-26,0.45,0.07,0.45
Collection,1,0,"Noctis, Prince of Lucis",FIN,Final Fantasy,235,NearMint,Normal,English,0.26,2026-08-26,0.25,0.02,0.26
Collection,1,0,"Nori, Teller of Tales",HOB,The Hobbit,161,NearMint,Foil,English,0.10,2026-08-26,0.18,0.02,0.10
Collection,4,0,"Nori, Teller of Tales",HOB,The Hobbit,161,NearMint,Normal,English,0.02,2026-08-26,0.09,0.02,0.02
Collection,1,0,"Norika Yamazaki, the Poet",NEO,Kamigawa: Neon Dynasty,311,NearMint,Normal,English,0.13,2026-08-24,0.12,0.02,0.12
Collection,1,0,"Norin, Swift Survivalist",DSK,Duskmourn: House of Horror,297,NearMint,Foil,English,0.26,2026-08-24,0.21,0.02,0.26
Collection,1,0,Northern Air Temple,TLA,Avatar: The Last Airbender,111,NearMint,Foil,English,0.36,2026-08-24,0.34,0.02,0.36
Collection,1,0,Nurturing Pixie,OTJ,Outlaws of Thunder Junction,20,NearMint,Normal,English,0.17,2026-08-26,0.30,0.02,0.17
Collection,2,0,"Obeka, Splitter of Seconds",POTJ,Outlaws of Thunder Junction Promos,222p,NearMint,Normal,English,0.52,2026-08-26,0.32,0.10,0.53
Collection,2,0,Oboro Envoy,SOK,Saviors of Kamigawa,49,NearMint,Normal,English,0.26,2026-08-26,0.21,0.02,0.26
Collection,1,0,"Obosh, the Preypiercer",MUL,Multiverse Legends,54,NearMint,Normal,English,0.30,2026-08-26,0.30,0.05,0.30
Collection,1,0,"Obyra, Dreaming Duelist",WOE,Wilds of Eldraine,210,NearMint,Normal,English,0.13,2026-08-26,0.16,0.02,0.13
Collection,1,0,Of Herbs and Stewed Rabbit,LTC,Tales of Middle-earth Commander,17,NearMint,Normal,English,0.59,2026-08-26,0.56,0.10,0.59
Collection,1,0,Óin the Brave,HOB,The Hobbit,106,NearMint,Foil,English,0.11,2026-08-24,0.21,0.02,0.10
Collection,4,0,Óin the Brave,HOB,The Hobbit,106,NearMint,Normal,English,0.02,2026-08-24,0.12,0.02,0.02
Collection,1,0,"Ojer Kaslem, Deepest Growth",LCI,The Lost Caverns of Ixalan,204,NearMint,Normal,English,5.46,2026-08-26,5.47,3.30,5.46
Collection,1,0,"Ojer Pakpatiq, Deepest Epoch",LCI,The Lost Caverns of Ixalan,67,NearMint,Normal,English,3.23,2026-08-24,3.12,1.80,3.10
Collection,1,0,Old Man Willow,LTR,The Lord of the Rings: Tales of Middle-earth,217,NearMint,Normal,English,0.11,2026-08-26,0.08,0.02,0.11
Collection,1,0,"Omega, Heartless Evolution",FIN,Final Fantasy,236,NearMint,Normal,English,0.11,2026-08-26,0.06,0.02,0.11
Collection,2,0,Omenport Vigilante,OTJ,Outlaws of Thunder Junction,21,NearMint,Normal,English,0.04,2026-08-26,0.06,0.02,0.04
Collection,1,0,"Omnath, Locus of All",MOM,March of the Machine,387,NearMint,Foil,English,0.52,2026-08-26,0.27,0.04,0.52
Collection,1,0,"Omnath, Locus of All",MOM,March of the Machine,249,NearMint,Normal,English,0.19,2026-08-26,0.25,0.05,0.19
Collection,1,0,On Wings of Gold,DRC,Aetherdrift Commander,5,NearMint,Normal,English,0.75,2026-08-26,0.65,0.19,0.75
Collection,1,0,One Last Job,OTJ,Outlaws of Thunder Junction,22,NearMint,Normal,English,0.16,2026-08-26,0.18,0.02,0.16
Collection,1,0,Oneirophage,J25,Foundations Jumpstart,337,NearMint,Normal,English,0.26,2026-08-26,0.22,0.03,0.26
Collection,1,0,"Opal-Eye, Konda's Yojimbo",BOK,Betrayers of Kamigawa,17,NearMint,Normal,English,1.29,2026-08-24,1.19,0.15,1.29
Collection,1,0,Opt,STA,Strixhaven Mystical Archive,19,NearMint,Normal,English,0.46,2026-08-26,0.49,0.02,0.46
Collection,2,0,Oracle of Tragedy,MOM,March of the Machine,71,NearMint,Normal,English,0.10,2026-08-26,0.12,0.02,0.10
Collection,4,0,"Ori, Keeper of Songs",HOB,The Hobbit,23,NearMint,Normal,English,0.02,2026-08-24,0.09,0.02,0.02
Collection,1,0,"Orvar, the All-Form",KHM,Kaldheim,305,NearMint,Foil,English,4.18,2026-08-24,4.37,2.50,4.23
Collection,1,0,Otherworldly Journey,CHK,Champions of Kamigawa,37,NearMint,Normal,English,0.12,2026-08-26,0.14,0.02,0.12
Collection,1,0,Overseer of Vault 76,PIP,Fallout,368,NearMint,Foil,English,0.51,2026-08-24,0.54,0.20,0.51
Collection,1,0,"Ovika, Enigma Goliath",ONE,Phyrexia: All Will Be One,213,NearMint,Normal,Japanese,0.28,2026-08-26,0.29,0.02,0.28
Collection,1,0,"Owen Grady, Raptor Trainer",REX,Jurassic World Collection,16,NearMint,Normal,English,4.52,2026-08-26,4.23,2.00,4.52
Collection,1,0,"Oyobi, Who Split the Heavens",BOK,Betrayers of Kamigawa,18,NearMint,Normal,English,0.34,2026-08-24,1.17,0.02,0.33
Collection,1,0,"Ozai, the Phoenix King",TLA,Avatar: The Last Airbender,235,NearMint,Normal,English,3.47,2026-08-26,3.83,2.25,3.47
Collection,1,0,Patched Plaything,DSK,Duskmourn: House of Horror,24,NearMint,Normal,English,0.08,2026-08-26,0.05,0.02,0.08
Collection,1,0,Personify,ECL,Lorwyn Eclipsed,402,NearMint,Normal,English,0.22,2026-08-26,0.20,0.02,0.22
Collection,1,0,Phantasmal Shieldback,J25,Foundations Jumpstart,8,NearMint,Normal,English,0.34,2026-08-26,0.24,0.02,0.34
Collection,1,0,Phoenix Down,FIN,Final Fantasy,29,NearMint,Normal,English,0.14,2026-08-26,0.09,0.02,0.14
Collection,1,0,"Phylath, World Sculptor",ZNR,Zendikar Rising,234,NearMint,Normal,English,0.19,2026-08-26,0.26,0.02,0.19
Collection,1,0,Phyrexian Ingester,C14,Commander 2014,119,NearMint,Normal,English,0.12,2026-08-26,0.15,0.05,0.12
Collection,1,0,Phyrexian Vindicator,ONE,Phyrexia: All Will Be One,27,NearMint,Normal,English,3.50,2026-08-26,3.58,1.95,3.50
Collection,1,0,"Piper Wright, Publick Reporter",PIP,Fallout,36,NearMint,Normal,English,0.44,2026-08-24,0.30,0.06,0.41
Collection,1,0,Plated Onslaught,ONE,Phyrexia: All Will Be One,29,NearMint,Normal,English,0.10,2026-08-26,0.05,0.02,0.10
Collection,1,0,Plated Onslaught,ONE,Phyrexia: All Will Be One,29,NearMint,Normal,Japanese,0.10,2026-08-26,0.05,0.02,0.10
Collection,1,0,Plumecreed Escort,BLB,Bloomburrow,65,NearMint,Normal,English,0.19,2026-08-26,0.21,0.02,0.19
Collection,1,0,Pollen-Shield Hare // Hare Raising,PWOE,Wilds of Eldraine Promos,233s,NearMint,Foil,English,0.66,2026-08-26,0.67,0.30,0.66
Collection,1,0,Pollen-Shield Hare // Hare Raising,WOE,Wilds of Eldraine,233,NearMint,Normal,English,0.39,2026-08-26,0.28,0.02,0.39
Collection,1,0,Prairie Dog,OTJ,Outlaws of Thunder Junction,24,NearMint,Normal,English,0.06,2026-08-26,0.06,0.02,0.06
Collection,1,0,Prince Imrahil the Fair,LTR,The Lord of the Rings: Tales of Middle-earth,431,NearMint,Normal,English,0.15,2026-08-26,0.17,0.02,0.15
Collection,1,0,Professor Onyx,STX,Strixhaven: School of Mages,83,NearMint,Normal,English,5.05,2026-08-24,5.79,1.35,5.90
Collection,1,0,Prognostic Sphinx,DSC,Duskmourn: House of Horror Commander,124,NearMint,Normal,English,0.15,2026-08-26,0.12,0.02,0.15
Collection,1,0,"Quickbeam, Upstart Ent",LTR,The Lord of the Rings: Tales of Middle-earth,183,NearMint,Normal,English,0.06,2026-08-26,0.07,0.02,0.06
Collection,1,0,Quill-Blade Laureate // Twofold Intent,SOS,Secrets of Strixhaven,27,NearMint,Normal,English,0.11,2026-08-26,0.08,0.02,0.11
Collection,1,0,"Quina, Qu Gourmet",FIN,Final Fantasy,194,NearMint,Normal,English,0.14,2026-08-24,0.15,0.02,0.16
Collection,1,0,Quistis Trepe,FIN,Final Fantasy,66,NearMint,Normal,English,0.11,2026-08-24,0.09,0.02,0.10
Collection,1,0,"Ragost, Deft Gastronaut",EOE,Edge of Eternities,224,NearMint,Normal,English,0.36,2026-08-26,0.28,0.03,0.36
Collection,1,0,Rakdos Joins Up,OTJ,Outlaws of Thunder Junction,225,NearMint,Normal,English,0.47,2026-08-26,0.47,0.05,0.47
Collection,1,0,Rangers of Ithilien,PLTR,Tales of Middle-earth Promos,66s,NearMint,Foil,English,2.16,2026-08-26,0.96,0.70,2.16
Collection,1,0,Rankle and Torbran,MOM,March of the Machine,252,NearMint,Normal,English,0.21,2026-08-26,0.20,0.02,0.21
Collection,1,0,Rattlechains,SOI,Shadows over Innistrad,81,NearMint,Normal,English,0.26,2026-08-26,0.25,0.02,0.26
Collection,2,0,Ravenhill Flock,HOB,The Hobbit,52,NearMint,Normal,English,0.03,2026-08-26,0.20,0.02,0.03
Collection,1,0,Razorgrass Ambush,MH3,Modern Horizons 3,238,NearMint,Normal,English,0.35,2026-08-26,0.31,0.02,0.35
Collection,1,0,Reduce to Memory,STX,Strixhaven: School of Mages,25,NearMint,Normal,English,0.08,2026-08-26,0.09,0.02,0.08
Collection,1,0,"Reidane, God of the Worthy",KHM,Kaldheim,300,NearMint,Normal,English,0.57,2026-08-24,0.55,0.14,0.70
Collection,1,0,Release to Memory,NEC,Neon Dynasty Commander,9,NearMint,Normal,English,0.28,2026-08-26,0.30,0.09,0.29
Collection,1,0,Reluctant Role Model,DSK,Duskmourn: House of Horror,303,NearMint,Normal,English,0.23,2026-08-26,0.30,0.08,0.23
Collection,3,0,"Renata, Called to the Hunt",MUL,Multiverse Legends,28,NearMint,Normal,English,0.13,2026-08-26,0.11,0.02,0.13
Collection,2,0,Reprieve,LTR,The Lord of the Rings: Tales of Middle-earth,26,NearMint,Normal,English,0.65,2026-08-26,0.64,0.05,0.65
Collection,1,0,Rescue Skiff,EOE,Edge of Eternities,32,NearMint,Normal,English,0.06,2026-08-26,0.08,0.02,0.06
Collection,1,0,Resurgent Belief,MH2,Modern Horizons 2,26,NearMint,Normal,English,0.53,2026-08-26,0.66,0.09,0.53
Collection,1,0,Revitalize,STA,Strixhaven Mystical Archive,9,NearMint,Normal,English,0.19,2026-08-26,0.15,0.02,0.19
Collection,3,0,"Reyav, Master Smith",MUL,Multiverse Legends,57,NearMint,Normal,English,0.12,2026-08-26,0.13,0.02,0.12
Collection,1,0,Rhet-Tomb Mystic,DRC,Aetherdrift Commander,10,NearMint,Normal,English,0.34,2026-08-26,0.29,0.08,0.34
Collection,1,0,"Rhino, Barreling Brute",SPM,"Marvel's Spider-Man",140,NearMint,Normal,English,0.10,2026-08-26,0.10,0.02,0.10
Collection,1,0,"Rhuk, Hexgold Nabber",ONE,Phyrexia: All Will Be One,407,NearMint,Normal,Japanese,0.31,2026-08-24,0.16,0.02,0.29
Collection,1,0,"Ria Ivor, Bane of Bladehold",ONE,Phyrexia: All Will Be One,214,NearMint,Normal,Japanese,0.17,2026-08-26,0.21,0.02,0.17
Collection,1,0,Riddlesmith,NEC,Neon Dynasty Commander,96,NearMint,Normal,English,0.18,2026-08-26,0.17,0.02,0.18
Collection,1,0,Rinoa Heartilly,FIN,Final Fantasy,237,NearMint,Normal,English,0.07,2026-08-26,0.08,0.02,0.07
Collection,1,0,"Rona, Sheoldred's Faithful",MUL,Multiverse Legends,58,NearMint,Foil,English,0.07,2026-08-26,0.08,0.02,0.07
Collection,1,0,"Rootha, Mercurial Artist",STX,Strixhaven: School of Mages,227,NearMint,Normal,English,0.05,2026-08-26,0.07,0.02,0.05
Collection,1,0,Rootwater Mystic,EXO,Exodus,44,NearMint,Normal,English,0.19,2026-08-26,0.15,0.02,0.19
Collection,1,0,Rosie Cotton of South Lane,LTR,The Lord of the Rings: Tales of Middle-earth,440,NearMint,Normal,English,0.17,2026-08-24,0.16,0.02,0.17
Collection,1,0,Rosie Cotton of South Lane,LTR,The Lord of the Rings: Tales of Middle-earth,27,NearMint,Normal,English,0.17,2026-08-25,0.15,0.02,0.16
Collection,1,0,Rout,CNS,Conspiracy,80,NearMint,Normal,English,0.25,2026-08-26,0.29,0.10,0.25
Collection,2,0,"Ruby, Daring Tracker",FDN,Foundations,245,NearMint,Normal,English,0.10,2026-08-26,0.13,0.02,0.10
Collection,1,0,Ruin Crab,ZNR,Zendikar Rising,75,NearMint,Foil,English,1.63,2026-08-26,1.71,0.80,1.63
Collection,1,0,Sage of the Beyond,KHC,Kaldheim Commander,6,NearMint,Normal,English,0.33,2026-08-26,0.30,0.02,0.33
Collection,1,0,Sage of the Falls,ELD,Throne of Eldraine,63,NearMint,Normal,English,0.09,2026-08-26,0.07,0.02,0.09
Collection,1,0,"Sai, Master Thopterist",DRC,Aetherdrift Commander,82,NearMint,Normal,English,0.30,2026-08-24,0.34,0.15,0.33
Collection,1,0,Samwise the Stouthearted,LTR,The Lord of the Rings: Tales of Middle-earth,306,NearMint,Normal,English,0.12,2026-08-24,0.15,0.02,0.11
Collection,1,0,Samwise the Stouthearted,LTR,The Lord of the Rings: Tales of Middle-earth,28,NearMint,Normal,English,0.16,2026-08-24,0.13,0.02,0.14
Collection,1,0,Saruman of Many Colors,LTR,The Lord of the Rings: Tales of Middle-earth,223,NearMint,Normal,English,1.05,2026-08-26,1.03,0.25,1.05
Collection,1,0,Satoru Umezawa,NEO,Kamigawa: Neon Dynasty,493,NearMint,Normal,English,0.85,2026-08-26,0.88,0.29,0.85
Collection,1,0,Savannah Lions,FDN,Foundations,146,NearMint,Normal,English,0.11,2026-08-26,0.14,0.02,0.11
Collection,1,0,Savior of the Small,DSK,Duskmourn: House of Horror,27,NearMint,Normal,English,0.08,2026-08-26,0.05,0.02,0.08
Collection,1,0,Screaming Swarm,J25,Foundations Jumpstart,351,NearMint,Normal,English,0.16,2026-08-26,0.27,0.02,0.16
Collection,1,0,Seal from Existence,MOM,March of the Machine,35,NearMint,Normal,English,0.14,2026-08-26,0.13,0.02,0.14
Collection,1,0,Sealock Monster,THS,Theros,62,NearMint,Normal,English,0.07,2026-08-26,0.08,0.02,0.07
Collection,1,0,Seasoned Marshal,USG,"Urza's Saga",44,NearMint,Normal,English,0.22,2026-08-26,0.20,0.02,0.22
Collection,1,0,Seasoned Marshal,8ED,Eighth Edition,44,NearMint,Normal,English,0.08,2026-08-26,0.04,0.02,0.08
Collection,1,0,Seasoned Warrenguard,BLB,Bloomburrow,30,NearMint,Foil,English,0.19,2026-08-26,0.23,0.02,0.19
Collection,2,0,Seasoned Warrenguard,BLB,Bloomburrow,30,NearMint,Normal,English,0.09,2026-08-26,0.11,0.02,0.09
Collection,1,0,Serpent of the Pass,TLA,Avatar: The Last Airbender,70,NearMint,Normal,English,0.04,2026-08-26,0.09,0.02,0.04
Collection,1,0,Serra Angel,FDN,Foundations,147,NearMint,Normal,English,0.07,2026-08-26,0.09,0.02,0.07
Collection,1,0,Settle the Wreckage,XLN,Ixalan,34,NearMint,Normal,English,1.91,2026-08-26,2.13,0.69,1.91
Collection,1,0,"Shadowfax, Lord of Horses",LTR,The Lord of the Rings: Tales of Middle-earth,227,NearMint,Foil,English,0.17,2026-08-26,0.25,0.02,0.17
Collection,1,0,"Shadowfax, Lord of Horses",LTR,The Lord of the Rings: Tales of Middle-earth,227,NearMint,Normal,English,0.06,2026-08-26,0.07,0.02,0.06
Collection,1,0,"Shantotto, Tactician Magician",FIN,Final Fantasy,241,NearMint,Normal,English,0.09,2026-08-26,0.10,0.02,0.09
Collection,1,0,"Shardmage's Rescue",DSK,Duskmourn: House of Horror,411,NearMint,Foil,English,0.56,2026-08-26,0.53,0.03,0.57
Collection,1,0,"Sharkey, Tyrant of the Shire",LTR,The Lord of the Rings: Tales of Middle-earth,229,NearMint,Foil,English,0.51,2026-08-26,0.45,0.06,0.51
Collection,1,0,Shay Cormac,ACR,"Assassin's Creed",248,NearMint,Foil,English,2.04,2026-08-26,2.01,0.89,2.04
Collection,1,0,"Shelob, Child of Ungoliant",LTR,The Lord of the Rings: Tales of Middle-earth,230,NearMint,Normal,English,0.77,2026-08-26,0.74,0.10,0.77
Collection,1,0,"Shelob, Dread Weaver",LTC,Tales of Middle-earth Commander,29,NearMint,Normal,English,1.04,2026-08-24,1.30,0.45,1.47
Collection,2,0,Shepherd of the Clouds,OTJ,Outlaws of Thunder Junction,28,NearMint,Normal,English,0.19,2026-08-26,0.18,0.02,0.19
Collection,1,0,Sheriff of Safe Passage,OTJ,Outlaws of Thunder Junction,29,NearMint,Normal,English,0.13,2026-08-26,0.09,0.02,0.13
Collection,1,0,Shire Shirriff,LTR,The Lord of the Rings: Tales of Middle-earth,441,NearMint,Normal,English,0.10,2026-08-26,0.09,0.02,0.10
Collection,1,0,Shire Shirriff,LTR,The Lord of the Rings: Tales of Middle-earth,30,NearMint,Normal,English,0.05,2026-08-26,0.06,0.02,0.05
Collection,1,0,Shoreline Looter,BLB,Bloomburrow,70,NearMint,Normal,English,0.28,2026-08-26,0.31,0.02,0.28
Collection,1,0,"Sidisi, Brood Tyrant",CMM,Commander Masters,355,NearMint,Normal,English,0.96,2026-08-26,0.78,0.10,0.96
Collection,1,0,Siege-Gang Commander,LTC,Tales of Middle-earth Commander,228,NearMint,Normal,English,0.28,2026-08-25,0.22,0.04,0.38
Collection,1,0,"Siegfried, Famed Swordsman",FIC,Final Fantasy Commander,51,NearMint,Normal,English,0.20,2026-08-24,0.21,0.08,0.20
Collection,1,0,"Sigrid, God-Favored",KHM,Kaldheim,301,NearMint,Normal,English,0.23,2026-08-24,0.30,0.02,0.23
Collection,1,0,"Silver Sable, Mercenary Leader",SPM,"Marvel's Spider-Man",13,NearMint,Normal,English,0.13,2026-08-24,0.12,0.02,0.13
Collection,1,0,"Sin, Spira's Punishment",FIN,Final Fantasy,242,NearMint,Normal,English,0.24,2026-08-26,0.25,0.02,0.24
Collection,1,0,Sinew Dancer,ONE,Phyrexia: All Will Be One,426,NearMint,Step and Compleat Foil,English,0.14,2026-08-26,0.14,0.02,0.14
Collection,3,0,Sinuous Benthisaur,LCI,The Lost Caverns of Ixalan,76,NearMint,Normal,English,0.08,2026-08-26,0.06,0.02,0.08
Collection,2,0,"Skoa, Embermage",MH3,Modern Horizons 3,138,NearMint,Normal,English,0.04,2026-08-24,0.03,0.02,0.04
Collection,2,0,Skyclave Aerialist,MOM,March of the Machine,78,NearMint,Normal,English,0.04,2026-08-26,0.04,0.02,0.04
Collection,1,0,"Skyseer's Chariot",DFT,Aetherdrift,28,NearMint,Normal,English,0.16,2026-08-26,0.17,0.02,0.16
Collection,1,0,Skyship Buccaneer,FDN,Foundations,50,NearMint,Normal,English,0.06,2026-08-26,0.07,0.02,0.06
Collection,2,0,Slickshot Lockpicker,OTJ,Outlaws of Thunder Junction,67,NearMint,Normal,English,0.12,2026-08-26,0.14,0.02,0.12
Collection,1,0,"Slobad, Iron Goblin",ONE,Phyrexia: All Will Be One,311,NearMint,Foil,English,0.36,2026-08-24,0.31,0.10,0.40
Collection,1,0,"Slobad, Iron Goblin",ONE,Phyrexia: All Will Be One,311,NearMint,Normal,Japanese,0.25,2026-08-24,0.23,0.04,0.29
Collection,3,0,"Smaug, the Great Calamity // Spew Flame",HOB,The Hobbit,109,NearMint,Normal,English,0.04,2026-08-24,0.10,0.02,0.05
Collection,1,0,"Sméagol, Helpful Guide",LTR,The Lord of the Rings: Tales of Middle-earth,231,NearMint,Normal,English,0.41,2026-08-26,0.40,0.05,0.41
Collection,1,0,"Smuggler's Share",NCC,New Capenna Commander,21,NearMint,Normal,English,8.63,2026-08-26,8.71,6.99,8.63
Collection,1,0,Snow Villiers,FIN,Final Fantasy,33,NearMint,Normal,English,0.10,2026-08-24,0.06,0.02,0.08
Collection,1,0,Soaring Stoneglider,SOS,Secrets of Strixhaven,32,Poor,Foil,English,0.05,2026-08-26,0.07,0.02,0.05
Collection,1,0,"Sokka, Tenacious Tactician",TLA,Avatar: The Last Airbender,242,NearMint,Normal,English,0.30,2026-08-26,0.33,0.05,0.30
Collection,1,0,"Sokka, Tenacious Tactician",TLA,Avatar: The Last Airbender,242,NearMint,Foil,English,0.65,2026-08-26,0.63,0.10,0.65
Collection,2,0,Soul Warden,EXO,Exodus,21,NearMint,Normal,English,2.49,2026-08-26,2.37,0.49,2.49
Collection,1,0,Southern Air Temple,TLA,Avatar: The Last Airbender,36,NearMint,Foil,English,0.18,2026-08-24,0.26,0.02,0.14
Collection,1,0,Sphinx of Enlightenment,BLC,Bloomburrow Commander,175,NearMint,Normal,English,0.24,2026-08-26,0.19,0.05,0.24
Collection,1,0,Sphinx of the Final Word,OGW,Oath of the Gatewatch,63,NearMint,Normal,English,0.79,2026-08-26,0.63,0.10,0.79
Collection,1,0,"Spider-Gwen, Free Spirit",SPM,"Marvel's Spider-Man",90,NearMint,Normal,English,0.05,2026-08-24,0.05,0.02,0.06
Collection,1,0,"Spider-Ham, Peter Porker",PSPM,"Marvel's Spider-Man Promos",2b,NearMint,Foil,English,0.47,2026-08-24,0.59,0.02,0.46
Collection,2,0,"Spider-Ham, Peter Porker",PSPM,"Marvel's Spider-Man Promos",2b,NearMint,Normal,English,0.15,2026-08-24,0.20,0.02,0.13
Collection,1,0,"Spider-Man, Brooklyn Visionary",SPM,"Marvel's Spider-Man",115,NearMint,Normal,English,0.04,2026-08-26,0.07,0.02,0.04
Collection,2,0,"Spider-Man, Web-Slinger",SPM,"Marvel's Spider-Man",16,NearMint,Normal,English,0.15,2026-08-24,0.13,0.02,0.12
Collection,1,0,Spider-UK,SPM,"Marvel's Spider-Man",17,NearMint,Normal,English,0.10,2026-08-24,0.12,0.02,0.09
Collection,1,0,Splashy Spellcaster,WOE,Wilds of Eldraine,70,NearMint,Normal,English,0.06,2026-08-26,0.07,0.02,0.06
Collection,1,0,Split Up,PDSK,Duskmourn: House of Horror Promos,32p,NearMint,Normal,English,1.38,2026-08-26,1.52,0.95,1.38
Collection,2,0,Spring-Loaded Sawblades,LCI,The Lost Caverns of Ixalan,36,NearMint,Normal,English,0.16,2026-08-26,0.16,0.02,0.16
Collection,1,0,Spyglass Siren,LCI,The Lost Caverns of Ixalan,405,NearMint,Normal,English,0.64,2026-08-26,0.91,0.10,0.64
Collection,1,0,"Squee, Dubious Monarch",DMU,Dominaria United,146,NearMint,Normal,English,0.55,2026-08-24,0.53,0.09,0.56
Collection,1,0,Star Charter,BLB,Bloomburrow,33,NearMint,Normal,English,0.07,2026-08-26,0.08,0.02,0.07
Collection,1,0,Starfield Shepherd,EOE,Edge of Eternities,37,NearMint,Normal,English,0.32,2026-08-26,0.26,0.02,0.32
Collection,1,0,"Starling, Aerial Ally",SPM,"Marvel's Spider-Man",18,NearMint,Normal,English,0.02,2026-08-24,0.02,0.02,0.02
Collection,1,0,Static Prison,MH3,Modern Horizons 3,44,NearMint,Foil,English,0.76,2026-08-26,0.49,0.05,0.76
Collection,1,0,Static Snare,TDM,Tarkir: Dragonstorm,420,NearMint,Normal,English,0.18,2026-08-26,0.14,0.02,0.18
Collection,1,0,Staunch Crewmate,LCI,The Lost Caverns of Ixalan,79,NearMint,Normal,English,0.10,2026-08-26,0.11,0.02,0.10
Collection,1,0,Steelswarm Operator,EOE,Edge of Eternities,80,NearMint,Normal,English,0.12,2026-08-26,0.14,0.02,0.12
Collection,1,0,Stern Mentor,AVR,Avacyn Restored,77,NearMint,Normal,English,0.04,2026-08-26,0.03,0.02,0.04
Collection,2,0,Stern Scolding,LTR,The Lord of the Rings: Tales of Middle-earth,71,NearMint,Normal,English,0.30,2026-08-26,0.29,0.02,0.30
Collection,1,0,"Stiltzkin, Moogle Merchant",FIN,Final Fantasy,34,NearMint,Normal,English,0.24,2026-08-24,0.25,0.02,0.24
Collection,1,0,"Sting, Bilbo's Sword",HOB,The Hobbit,178,NearMint,Normal,English,0.02,2026-08-26,0.49,0.02,0.02
Collection,2,0,Stone by Sunlight,HOB,The Hobbit,27,NearMint,Normal,English,0.07,2026-08-26,0.17,0.02,0.07
Collection,2,0,Stone of Erech,LTR,The Lord of the Rings: Tales of Middle-earth,251,NearMint,Normal,English,0.17,2026-08-26,0.18,0.02,0.17
Collection,1,0,Storm Herd,KHC,Kaldheim Commander,33,NearMint,Normal,English,0.33,2026-08-26,0.38,0.05,0.33
Collection,1,0,Strago and Relm,FIC,Final Fantasy Commander,59,NearMint,Normal,English,0.27,2026-08-24,0.26,0.05,0.27
Collection,1,0,"Strider, Ranger of the North",LTR,The Lord of the Rings: Tales of Middle-earth,232,NearMint,Normal,English,0.08,2026-08-26,0.07,0.02,0.08
Collection,1,0,Stroke of Midnight,WOE,Wilds of Eldraine,33,NearMint,Normal,English,0.53,2026-08-26,0.44,0.02,0.53
Collection,1,0,Subjugator Angel,INR,Innistrad Remastered,43,NearMint,Normal,English,0.14,2026-08-26,0.09,0.02,0.14
Collection,2,0,Sudden Strike,SPM,"Marvel's Spider-Man",19,NearMint,Normal,English,0.06,2026-08-26,0.08,0.02,0.06
Collection,2,0,"Suki, Kyoshi Warrior",TLA,Avatar: The Last Airbender,243,NearMint,Normal,English,0.10,2026-08-26,0.12,0.02,0.10
Collection,1,0,Summon: Primal Garuda,FIN,Final Fantasy,37,NearMint,Normal,English,0.08,2026-08-26,0.10,0.02,0.08
Collection,2,0,Summon: Shiva,FIN,Final Fantasy,78,NearMint,Normal,English,0.12,2026-08-26,0.12,0.02,0.12
Collection,1,0,Summoned Dromedary,SOS,Secrets of Strixhaven,37,NearMint,Normal,English,0.04,2026-08-26,0.06,0.02,0.04
Collection,1,0,Sun-Blessed Guardian,MOM,March of the Machine,38,NearMint,Normal,English,0.03,2026-08-26,0.05,0.02,0.03
Collection,1,0,"Sundial, Dawn Tyrant",DFT,Aetherdrift,31,NearMint,Normal,English,0.11,2026-08-24,0.16,0.02,0.09
Collection,1,0,Supreme Inquisitor,ONS,Onslaught,117,NearMint,Normal,English,0.43,2026-08-26,0.54,0.10,0.43
Collection,1,0,Surtland Elementalist,KHM,Kaldheim,375,NearMint,Normal,English,0.24,2026-08-26,0.22,0.02,0.24
Collection,1,0,Swooping Lookout,ONE,Phyrexia: All Will Be One,35,NearMint,Normal,Japanese,0.09,2026-08-26,0.15,0.02,0.09
Collection,1,0,"Syr Alin, the Lion's Claw",ELD,Throne of Eldraine,32,NearMint,Normal,English,0.09,2026-08-24,0.07,0.02,0.09
Collection,1,0,"Syr Ginger, the Meal Ender",PWOE,Wilds of Eldraine Promos,252p,NearMint,Normal,English,0.53,2026-08-26,0.63,0.15,0.53
Collection,1,0,"Syr Ginger, the Meal Ender",WOE,Wilds of Eldraine,252,NearMint,Normal,English,0.94,2026-08-26,0.91,0.10,0.94
Collection,1,0,Tale of Tinúviel,LTR,The Lord of the Rings: Tales of Middle-earth,34,NearMint,Normal,English,0.14,2026-08-25,0.10,0.02,0.13
Collection,1,0,Tale of Tinúviel,LTR,The Lord of the Rings: Tales of Middle-earth,34,NearMint,Normal,English,0.13,2026-08-26,0.10,0.02,0.13
Collection,1,0,"Talion's Messenger",WOE,Wilds of Eldraine,73,NearMint,Normal,English,0.21,2026-08-26,0.26,0.03,0.21
Collection,1,0,"Tam, Observant Sequencer // Deep Sight",SOS,Secrets of Strixhaven,237,NearMint,Normal,English,0.09,2026-08-26,0.09,0.02,0.09
Collection,1,0,"Tannuk, Memorial Ensign",EOE,Edge of Eternities,233,NearMint,Normal,English,0.71,2026-08-26,0.69,0.05,0.71
Collection,1,0,"Tatsunari, Toad Rider",NEO,Kamigawa: Neon Dynasty,345,NearMint,Foil,English,1.75,2026-08-24,1.78,0.41,1.75
Collection,1,0,Team Avatar,TLA,Avatar: The Last Airbender,38,NearMint,Normal,English,0.10,2026-08-26,0.12,0.02,0.10
Collection,2,0,"Teo, Spirited Glider",TLA,Avatar: The Last Airbender,74,NearMint,Normal,English,0.07,2026-08-24,0.07,0.02,0.06
Collection,1,0,Tersa Lightshatter,PTDM,Tarkir: Dragonstorm Promos,127p,NearMint,Normal,English,0.65,2026-08-24,0.69,0.44,0.66
Collection,1,0,Tester of the Tangential,SOS,Secrets of Strixhaven,69,NearMint,Normal,English,0.08,2026-08-26,0.06,0.02,0.08
Collection,1,0,"Teysa, Opulent Oligarch",MKM,Murders at Karlov Manor,321,NearMint,Normal,English,0.88,2026-08-26,0.83,0.35,0.88
Collection,1,0,Thalia and The Gitrog Monster,MOM,March of the Machine,316,NearMint,Normal,English,3.49,2026-08-26,3.71,1.99,3.49
Collection,2,0,The Ancient One,LCI,The Lost Caverns of Ixalan,222,NearMint,Normal,English,1.19,2026-08-26,1.33,0.45,1.19
Collection,1,0,The Black Arrow,HOB,The Hobbit,171,NearMint,Foil,English,0.13,2026-08-26,0.23,0.02,0.13
Collection,2,0,The Black Arrow,HOB,The Hobbit,171,NearMint,Normal,English,0.02,2026-08-26,0.14,0.02,0.02
Collection,1,0,"The Boulder, Ready to Rumble",TLA,Avatar: The Last Airbender,168,NearMint,Normal,English,0.13,2026-08-26,0.13,0.02,0.13
Collection,2,0,The Chief Warg,HOB,The Hobbit,150,NearMint,Normal,English,0.09,2026-08-26,0.18,0.02,0.09
Collection,1,0,The Darkness Crystal,FIN,Final Fantasy,96,NearMint,Normal,English,2.78,2026-08-24,2.82,1.00,2.74
Collection,1,0,The Earth Crystal,FIN,Final Fantasy,184,NearMint,Normal,English,7.47,2026-08-26,7.12,2.98,7.47
Collection,1,0,The Earth King,TLA,Avatar: The Last Airbender,172,NearMint,Normal,English,0.91,2026-08-26,0.84,0.05,0.91
Collection,1,0,The Emperor of Palamecia,FIN,Final Fantasy,219,NearMint,Normal,English,0.17,2026-08-26,0.16,0.02,0.17
Collection,1,0,The Eternal Wanderer,ONE,Phyrexia: All Will Be One,335,NearMint,Normal,English,1.46,2026-08-24,1.48,0.55,1.45
Collection,1,0,The Fire Nation Drill,TLA,Avatar: The Last Airbender,98,NearMint,Normal,English,0.19,2026-08-24,0.22,0.02,0.18
Collection,1,0,"The Gitrog, Ravenous Ride",OTJ,Outlaws of Thunder Junction,206,NearMint,Normal,English,3.00,2026-08-26,3.16,0.90,3.00
Collection,1,0,The Irencrag,PWOE,Wilds of Eldraine Promos,248p,NearMint,Normal,English,0.59,2026-08-26,0.58,0.10,0.59
Collection,1,0,The Key to the Vault,OTJ,Outlaws of Thunder Junction,54,NearMint,Normal,English,0.32,2026-08-24,0.38,0.03,0.31
Collection,1,0,The Legend of Yangchen,TLA,Avatar: The Last Airbender,27,NearMint,Normal,English,3.60,2026-08-26,3.54,1.70,3.60
Collection,1,0,The Lion-Turtle,TLA,Avatar: The Last Airbender,232,NearMint,Normal,English,0.19,2026-08-26,0.20,0.02,0.19
Collection,1,0,The Masamune,FIN,Final Fantasy,264,NearMint,Normal,English,0.50,2026-08-26,0.47,0.05,0.50
Collection,1,0,"The Mechanist, Aerial Artisan",TLA,Avatar: The Last Airbender,64,NearMint,Normal,English,0.21,2026-08-24,0.26,0.02,0.19
Collection,1,0,The Millennium Calendar,LCI,The Lost Caverns of Ixalan,388,NearMint,Foil,English,2.95,2026-08-26,3.34,1.50,2.95
Collection,2,0,"The Mountain-king's Return",HOB,The Hobbit,22,NearMint,Normal,English,0.09,2026-08-26,0.18,0.02,0.09
Collection,2,0,The Mouth of Sauron,LTR,The Lord of the Rings: Tales of Middle-earth,216,NearMint,Normal,English,0.11,2026-08-26,0.08,0.02,0.11
Collection,1,0,The Necrobloom,MH3,Modern Horizons 3,194,NearMint,Normal,English,0.26,2026-08-26,0.21,0.02,0.26
Collection,1,0,The Prima Vista,FIN,Final Fantasy,64,NearMint,Normal,English,0.07,2026-08-24,0.05,0.02,0.07
Collection,1,0,"The Prydwen, Steel Flagship",PIP,Fallout,22,NearMint,Normal,English,0.28,2026-08-24,0.26,0.10,0.31
Collection,1,0,The Rollercrusher Ride,DSK,Duskmourn: House of Horror,155,NearMint,Normal,English,0.87,2026-08-24,0.62,0.15,0.86
Collection,1,0,The Stasis Coffin,BRO,"The Brothers' War",245,NearMint,Normal,English,0.43,2026-08-26,0.41,0.05,0.43
Collection,1,0,The Wise Mothman,PIP,Fallout,4,NearMint,Foil,English,0.97,2026-08-26,0.92,0.30,0.97
Collection,1,0,Thorin Oakenshield,HOB,The Hobbit,165,NearMint,Normal,English,0.13,2026-08-26,0.19,0.02,0.13
Collection,1,0,Thorin Oakenshield,HOB,The Hobbit,202,NearMint,Normal,English,0.02,2026-08-26,0.56,0.02,0.02
Collection,1,0,Thoughtbound Phantasm,MKC,Murders at Karlov Manor Commander,122,NearMint,Normal,English,0.12,2026-08-26,0.15,0.02,0.12
Collection,1,0,"Thranduil, Sindarin Liege // Silvan Rally",HOB,The Hobbit,233,NearMint,Normal,English,0.02,2026-08-26,0.54,0.02,0.02
Collection,1,0,"Thranduil, the Elvenking",HOB,The Hobbit,167,NearMint,Normal,English,0.02,2026-08-26,2.61,0.11,0.02
Collection,1,0,Thrill of Possibility,LTC,Tales of Middle-earth Commander,229,NearMint,Normal,English,0.25,2026-08-25,0.16,0.04,0.27
Collection,1,0,Throne of the Grim Captain,LCI,The Lost Caverns of Ixalan,313,NearMint,Foil,English,0.43,2026-08-26,0.40,0.04,0.43
Collection,2,0,"Thrór's Map",HOB,The Hobbit,179,NearMint,Normal,English,0.12,2026-08-26,0.23,0.02,0.12
Collection,1,0,Thrummingbird,ONE,Phyrexia: All Will Be One,288,NearMint,Foil,English,0.30,2026-08-26,0.31,0.02,0.30
Collection,2,0,Thrummingbird,ONE,Phyrexia: All Will Be One,288,NearMint,Normal,Japanese,0.10,2026-08-26,0.14,0.02,0.10
Collection,1,0,Thrummingbird,ONE,Phyrexia: All Will Be One,72,NearMint,Foil,Japanese,0.26,2026-08-26,0.18,0.02,0.26
Collection,1,0,"Thrun, Breaker of Silence",ONE,Phyrexia: All Will Be One,331,NearMint,Normal,English,0.37,2026-08-26,0.36,0.09,0.37
Collection,1,0,Thundertrap Trainer,PBLB,Bloomburrow Promos,78s,NearMint,Foil,English,3.47,2026-08-26,1.99,1.89,3.47
Collection,1,0,"Tidus, Blitzball Star",FIN,Final Fantasy,246,NearMint,Normal,English,0.04,2026-08-26,0.10,0.02,0.04
Collection,1,0,Tiller of Flesh,MOM,March of the Machine,44,NearMint,Normal,English,0.07,2026-08-26,0.10,0.02,0.07
Collection,1,0,Timeless Dragon,DRC,Aetherdrift Commander,67,NearMint,Normal,English,0.17,2026-08-26,0.17,0.02,0.17
Collection,1,0,"Timothar, Baron of Bats",LCC,Lost Caverns of Ixalan Commander,210,NearMint,Normal,English,0.28,2026-08-24,0.29,0.04,0.27
Collection,1,0,"Titania, Protector of Argoth",MH2,Modern Horizons 2,287,NearMint,Normal,English,0.66,2026-08-26,0.65,0.15,0.66
Collection,1,0,"Toby, Beastie Befriender",DSK,Duskmourn: House of Horror,356,NearMint,Normal,English,0.45,2026-08-24,0.36,0.09,0.47
Collection,1,0,Tom Bombadil,HOC,The Hobbit Eternal,38,NearMint,Foil,English,14.79,2026-08-26,19.88,14.90,14.79
Collection,1,0,"Tom, Bert, and William",HOB,The Hobbit,169,NearMint,Normal,English,0.02,2026-08-26,0.59,0.02,0.02
Collection,2,0,"Toph, the Blind Bandit",TLA,Avatar: The Last Airbender,198,NearMint,Normal,English,0.12,2026-08-26,0.16,0.02,0.12
Collection,1,0,"Toph, the First Metalbender",TLA,Avatar: The Last Airbender,247,NearMint,Normal,English,0.79,2026-08-26,0.79,0.05,0.79
Collection,1,0,Transit Mage,DFT,Aetherdrift,70,NearMint,Normal,English,0.17,2026-08-26,0.21,0.02,0.17
Collection,1,0,Transplant Theorist,ONE,Phyrexia: All Will Be One,73,NearMint,Normal,English,0.09,2026-08-26,0.09,0.02,0.09
Collection,1,0,Trawler Drake,ONE,Phyrexia: All Will Be One,74,NearMint,Normal,English,0.04,2026-08-26,0.07,0.02,0.04
Collection,1,0,Triskaidekaphile,BLC,Bloomburrow Commander,178,NearMint,Normal,English,0.56,2026-08-26,0.55,0.20,0.56
Collection,1,0,"Troyan, Gutsy Explorer",WOE,Wilds of Eldraine,217,NearMint,Normal,English,0.15,2026-08-26,0.13,0.02,0.15
Collection,1,0,Tune Up,DFT,Aetherdrift,33,NearMint,Normal,English,0.10,2026-08-26,0.13,0.02,0.10
Collection,3,0,"Tura Kennerüd, Skyknight",DMU,Dominaria United,323,NearMint,Normal,English,0.03,2026-08-26,0.04,0.02,0.03
Collection,1,0,Twinblade Blessing,FDN,Foundations,26,NearMint,Normal,English,0.21,2026-08-26,0.18,0.02,0.21
Collection,1,0,Twinblade Geist,INR,Innistrad Remastered,452,NearMint,Normal,English,0.09,2026-08-26,0.08,0.02,0.09
Collection,1,0,Twinblade Geist,INR,Innistrad Remastered,47,NearMint,Foil,English,0.16,2026-08-26,0.21,0.02,0.16
Collection,1,0,Twinmaw Stormbrood // Charring Bite,TDM,Tarkir: Dragonstorm,232,NearMint,Normal,English,0.20,2026-08-26,0.17,0.02,0.20
Collection,1,0,"Ty Lee, Artful Acrobat",TLA,Avatar: The Last Airbender,158,NearMint,Normal,English,0.07,2026-08-24,0.14,0.02,0.07
Collection,1,0,"Tymaret, Chosen from Death",MUL,Multiverse Legends,18,NearMint,Normal,English,0.05,2026-08-24,0.09,0.02,0.05
Collection,1,0,"Tyvar, Jubilant Brawler",ONE,Phyrexia: All Will Be One,218,NearMint,Normal,Japanese,1.66,2026-08-26,1.41,0.70,1.66
Collection,1,0,"Uchbenbak, the Great Mistake",LCI,The Lost Caverns of Ixalan,310,NearMint,Normal,English,0.09,2026-08-26,0.08,0.02,0.09
Collection,1,0,Uglúk of the White Hand,LTR,The Lord of the Rings: Tales of Middle-earth,235,NearMint,Normal,English,0.10,2026-08-26,0.10,0.02,0.10
Collection,1,0,"Ulalek, Fused Atrocity",M3C,Modern Horizons 3 Commander,4,NearMint,Normal,English,0.36,2026-08-26,0.40,0.10,0.36
Collection,1,0,"Ultima, Origin of Oblivion",FIN,Final Fantasy,2,NearMint,Normal,English,0.66,2026-08-26,0.69,0.15,0.66
Collection,1,0,"Ultimecia, Time Sorceress",FIN,Final Fantasy,247,NearMint,Normal,English,0.07,2026-08-26,0.07,0.02,0.07
Collection,1,0,"Umaro, Raging Yeti",FIC,Final Fantasy Commander,63,NearMint,Normal,English,0.20,2026-08-24,0.19,0.04,0.18
Collection,1,0,Uncle Iroh,TLA,Avatar: The Last Airbender,248,NearMint,Normal,English,0.11,2026-08-26,0.10,0.02,0.11
Collection,1,0,"Unctus, Grand Metatect",ONE,Phyrexia: All Will Be One,303,NearMint,Normal,English,0.34,2026-08-24,0.45,0.10,0.42
Collection,1,0,Unidentified Hovership,DSK,Duskmourn: House of Horror,37,NearMint,Normal,English,0.15,2026-08-26,0.17,0.02,0.15
Collection,1,0,United Battlefront,PTDM,Tarkir: Dragonstorm Promos,32p,NearMint,Normal,English,0.31,2026-08-26,0.25,0.04,0.31
Collection,1,0,United Battlefront,TDM,Tarkir: Dragonstorm,32,NearMint,Normal,English,0.21,2026-08-26,0.24,0.02,0.21
Collection,1,0,Unswerving Sloth,DFT,Aetherdrift,34,NearMint,Normal,English,0.11,2026-08-26,0.12,0.02,0.11
Collection,1,0,Unyielding Gatekeeper,MKM,Murders at Karlov Manor,35,NearMint,Normal,English,0.10,2026-08-26,0.11,0.02,0.10
Collection,1,0,Urabrask the Hidden,MUL,Multiverse Legends,23,NearMint,Normal,English,2.06,2026-08-24,2.38,0.85,1.82
Collection,1,0,"Uurg, Spawn of Turg",EOC,Edge of Eternities Commander,127,NearMint,Normal,English,0.21,2026-08-26,0.19,0.02,0.21
Collection,1,0,"Uvilda, Dean of Perfection",STX,Strixhaven: School of Mages,160,NearMint,Normal,English,0.11,2026-08-26,0.15,0.02,0.11
Collection,1,0,"Vadmir, New Blood",OTJ,Outlaws of Thunder Junction,113,NearMint,Normal,English,0.24,2026-08-24,0.25,0.02,0.22
Collection,1,0,Valkyrie Aerial Unit,FIN,Final Fantasy,84,NearMint,Normal,English,0.09,2026-08-26,0.10,0.02,0.09
Collection,1,0,Valley Floodcaller,BLB,Bloomburrow,79,NearMint,Normal,English,4.24,2026-08-26,4.30,2.40,4.24
Collection,1,0,Valley Questcaller,BLB,Bloomburrow,36,NearMint,Normal,English,0.74,2026-08-26,0.83,0.15,0.74
Collection,1,0,Vanquish the Foul,THS,Theros,35,NearMint,Normal,English,0.02,2026-08-26,0.02,0.02,0.02
Collection,1,0,Veil of Assimilation,ONE,Phyrexia: All Will Be One,37,NearMint,Normal,English,0.08,2026-08-26,0.07,0.02,0.08
Collection,1,0,Vengeance,7ED,Seventh Edition,54,NearMint,Normal,English,0.11,2026-08-26,0.06,0.02,0.11
Collection,1,0,"Venom, Evil Unleashed",SPM,"Marvel's Spider-Man",71,NearMint,Normal,English,0.07,2026-08-24,0.06,0.02,0.08
Collection,1,0,"Venser, Corpse Puppet",ONE,Phyrexia: All Will Be One,324,NearMint,Normal,English,0.28,2026-08-26,0.24,0.04,0.28
Collection,1,0,"Veronica, Dissident Scribe",PIP,Fallout,395,NearMint,Normal,English,0.43,2026-08-24,0.40,0.10,0.43
Collection,1,0,Veteran Survivor,DSK,Duskmourn: House of Horror,40,NearMint,Normal,English,0.13,2026-08-26,0.12,0.02,0.13
Collection,1,0,"Vihaan, Goldwaker",OTC,Outlaws of Thunder Junction Commander,44,NearMint,Normal,English,1.90,2026-08-26,2.08,0.89,1.90
Collection,1,0,Vincent Valentine,FIN,Final Fantasy,125,NearMint,Normal,English,0.78,2026-08-24,0.83,0.17,0.79
Collection,1,0,"Vincent, Vengeful Atoner",FIC,Final Fantasy Commander,64,NearMint,Normal,English,0.40,2026-08-24,0.40,0.15,0.37
Collection,1,0,Vivien Reid,PFDN,Foundations Promos,234s,NearMint,Foil,English,1.75,2026-08-26,1.75,1.74,1.75
Collection,1,0,Vizier of Many Faces,DRC,Aetherdrift Commander,84,NearMint,Normal,English,0.13,2026-08-26,0.17,0.02,0.13
Collection,1,0,"Vohar, Vodalian Desecrator",DMU,Dominaria United,325,NearMint,Normal,English,0.09,2026-08-26,0.12,0.02,0.09
Collection,1,0,Voltstorm Angel,MH3,Modern Horizons 3,46,NearMint,Normal,English,0.05,2026-08-26,0.06,0.02,0.05
Collection,1,0,"Vraan, Executioner Thane",ONE,Phyrexia: All Will Be One,114,NearMint,Normal,Japanese,0.56,2026-08-24,0.61,0.04,0.59
Collection,1,0,Vraska Joins Up,OTJ,Outlaws of Thunder Junction,236,NearMint,Normal,English,0.58,2026-08-26,0.58,0.10,0.59
Collection,1,0,"Vren, the Relentless",BLB,Bloomburrow,239,NearMint,Normal,English,0.34,2026-08-26,0.44,0.06,0.34
Collection,1,0,Wall of Air,4BB,Fourth Edition Foreign Black Border,113,NearMint,Normal,English,0.48,2026-08-26,0.70,0.15,0.48
Collection,1,0,Wall of Air,6ED,Classic Sixth Edition,105,NearMint,Normal,English,0.22,2026-08-26,0.13,0.02,0.22
Collection,1,0,Wall of Lost Thoughts,J25,Foundations Jumpstart,384,NearMint,Normal,English,0.19,2026-08-26,0.16,0.02,0.19
Collection,1,0,Warden of the Inner Sky,LCI,The Lost Caverns of Ixalan,43,NearMint,Normal,English,0.36,2026-08-26,0.31,0.05,0.36
Collection,1,0,Watchful Blisterzoa,ONE,Phyrexia: All Will Be One,78,NearMint,Normal,Japanese,0.04,2026-08-26,0.03,0.02,0.04
Collection,1,0,"Wayta, Trainer Prodigy",LCC,Lost Caverns of Ixalan Commander,7,NearMint,Normal,English,0.47,2026-08-26,0.48,0.05,0.47
Collection,1,0,Weatherlight Compleated,PDMU,Dominaria United Promos,242p,NearMint,Normal,English,1.66,2026-08-26,2.24,0.70,1.66
Collection,1,0,Web-Shooters,SPM,"Marvel's Spider-Man",22,NearMint,Normal,English,0.05,2026-08-26,0.06,0.02,0.05
Collection,1,0,Whirler Rogue,PIP,Fallout,181,NearMint,Normal,English,0.16,2026-08-26,0.18,0.02,0.16
Collection,1,0,Whirler Rogue,NEC,Neon Dynasty Commander,101,NearMint,Normal,English,0.10,2026-08-26,0.14,0.02,0.10
Collection,1,0,Whirler Rogue,KHC,Kaldheim Commander,45,NearMint,Normal,English,0.15,2026-08-26,0.16,0.02,0.15
Collection,1,0,"Will, Scion of Peace",WOE,Wilds of Eldraine,302,NearMint,Foil,English,2.65,2026-08-26,2.50,0.74,2.65
Collection,1,0,Wingblade Disciple,TDM,Tarkir: Dragonstorm,65,NearMint,Normal,English,0.06,2026-08-26,0.10,0.02,0.06
Collection,1,0,Winnowing,ECL,Lorwyn Eclipsed,355,NearMint,Foil,English,0.60,2026-08-26,0.54,0.20,0.60
Collection,1,0,Wizards of Thay,CLB,"Commander Legends: Battle for Baldur's Gate",105,NearMint,Normal,English,0.91,2026-08-26,0.91,0.30,0.91
Collection,1,0,Wojek Investigator,MKM,Murders at Karlov Manor,429,NearMint,Foil,English,0.26,2026-08-26,0.24,0.02,0.26
Collection,1,0,Woodland Acolyte // Mend the Wilds,WOE,Wilds of Eldraine,241,NearMint,Normal,English,0.14,2026-08-26,0.14,0.02,0.14
Collection,1,0,"Wort, Boggart Auntie",LRW,Lorwyn,252,NearMint,Normal,English,8.72,2026-08-26,8.63,1.99,8.72
Collection,1,0,"Xu-Ifit, Osteoharmonist",PEOE,Edge of Eternities Promos,127p,NearMint,Normal,English,0.44,2026-08-24,0.27,0.09,0.40
Collection,1,0,"Xu-Ifit, Osteoharmonist",EOE,Edge of Eternities,127,NearMint,Normal,English,0.30,2026-08-24,0.35,0.05,0.29
Collection,1,0,"Yawgmoth's Vile Offering",MOC,March of the Machine Commander,271,NearMint,Normal,English,0.37,2026-08-24,0.49,0.13,0.33
Collection,1,0,"Yedora, Grave Gardener",MUL,Multiverse Legends,30,NearMint,Normal,English,0.12,2026-08-26,0.24,0.04,0.12
Collection,2,0,You Cannot Pass!,LTR,The Lord of the Rings: Tales of Middle-earth,38,NearMint,Normal,English,0.13,2026-08-26,0.07,0.02,0.13
Collection,2,0,Youthful Valkyrie,FDN,Foundations,149,NearMint,Normal,English,0.21,2026-08-26,0.20,0.02,0.21
Collection,2,0,"Yue, the Moon Spirit",TLA,Avatar: The Last Airbender,83,NearMint,Normal,English,0.21,2026-08-24,0.23,0.02,0.21
Collection,1,0,"Zada, Hedron Grinder",MUL,Multiverse Legends,25,NearMint,Foil,English,0.26,2026-08-24,0.24,0.02,0.26
Collection,1,0,Zenos yae Galvus,FIN,Final Fantasy,127,NearMint,Normal,English,0.35,2026-08-24,0.30,0.02,0.35
Collection,1,0,Zephid,USG,"Urza's Saga",113,NearMint,Normal,English,1.09,2026-08-26,0.98,0.14,1.09
Collection,1,0,Zephyr Sentinel,BRO,"The Brothers' War",74,NearMint,Normal,English,0.13,2026-08-26,0.10,0.02,0.13
Collection,2,0,"Zhao, Ruthless Admiral",TLA,Avatar: The Last Airbender,252,NearMint,Normal,English,0.05,2026-08-26,0.07,0.02,0.05
Collection,1,0,"Zidane, Tantalus Thief",FIN,Final Fantasy,251,NearMint,Normal,English,0.08,2026-08-26,0.07,0.02,0.08
Collection,1,0,Zimone and Dina,PMOM,March of the Machine Promos,257p,NearMint,Foil,English,1.37,2026-08-26,0.92,0.33,1.37
Collection,1,0,"Zoraline, Cosmos Caller",BLB,Bloomburrow,242,NearMint,Normal,English,0.45,2026-08-26,0.34,0.05,0.45
Collection,1,0,Zoyowa Lava-Tongue,LCI,The Lost Caverns of Ixalan,312,NearMint,Normal,English,0.12,2026-08-26,0.13,0.02,0.12
Collection,1,0,"Zuko, Conflicted",TLA,Avatar: The Last Airbender,253,NearMint,Foil,English,0.36,2026-08-26,0.39,0.05,0.36
Collection,2,0,"Zuko, Exiled Prince",TLA,Avatar: The Last Airbender,163,NearMint,Normal,English,0.09,2026-08-24,0.13,0.02,0.08
Collection,1,0,"Zuko, Seeking Honor",TLE,Avatar: The Last Airbender Eternal,150,NearMint,Normal,English,0.20,2026-08-26,0.20,0.02,0.20
Collection,1,0,"Zul Ashur, Lich Lord",FDN,Foundations,77,NearMint,Normal,English,1.00,2026-08-24,1.09,0.30,1.03
